codigo,nome,marca,linha,descricao_atual,descricao_proposta,diferenciais_propostos,beneficios_site,indicado_para,dados_tecnicos,qualidade_descricao,fonte_descricao,fonte_diferenciais,confianca_descricao,confianca_diferenciais,status_revisao,observacao
0071,Tandy Caçamba (Na Rede),tópi,RODA LIVRE,,"O Tandy Caçamba é um caminhão robusto e resistente, ideal para crianças que adoram brincar com veículos de construção.",,Estimula coordenação motora | Incentiva criatividade e imaginação | Ideal para brincadeiras ao ar livre | Estrutura resistente,Crianças a partir de 3 anos que gostam de caminhões e brincadeiras de construção.,"material=Plástico | cor=Vermelho | genero=Menino | idade=+ 3 Anos | conteudo_caixa=1 Caminhão
1 Pá
1 Rastelo | ncm=9503.00.80 | cst=000 | dun=17896484100714 | produto_mm=375x237x282 | caixa=4un/4.068kg | peso=0.85kg",ESPECIFICA,https://cardosotoys.com.br/topi/produtos/tandy-cacamba-sem-embalagem/,(sem fonte),CONFIRMADO,NAO_ENCONTRADO,PENDENTE,
0072,Tandy Tractor (Na Rede),tópi,RODA LIVRE,,"O Tandy Tractor é um veículo robusto e resistente, ideal para crianças que adoram caminhões grandes e brincadeiras cheias de aventura.",,Estimula coordenação motora | Incentiva criatividade e imaginação | Estrutura resistente | Ideal para brincadeiras ao ar livre,Crianças a partir de 3 anos que gostam de veículos grandes e brincadeiras com caminhões.,material=Plástico | cor=Vermelho | genero=Menino | idade=+ 3 Anos | conteudo_caixa=1 Caminhão | ncm=9503.00.80 | cst=000 | dun=27896484100728 | produto_mm=470x240x278 | caixa=4un/4.68kg | peso=0.955kg,ESPECIFICA,https://cardosotoys.com.br/topi/produtos/tandy-tractor-sem-embalagem/,(sem fonte),CONFIRMADO,NAO_ENCONTRADO,PENDENTE,
0078,Tandy Bombeiro (Na Rede),tópi,RODA LIVRE,,O Tandy Bombeiro é um caminhão de resgate robusto e cheio de detalhes para tornar a brincadeira ainda mais realista.,,Estimula criatividade e imaginação | Incentiva brincadeiras temáticas de resgate | Desenvolve coordenação motora | Acompanha acessórios para tornar a brincadeira mais completa,Crianças a partir de 3 anos que gostam de caminhões de bombeiro e brincadeiras de ação e resgate.,"material=Plástico | cor=Vermelho | genero=Menino | idade=+ 3 Anos | conteudo_caixa=1 Caminhão
1 Maca
2 extintores
2 cones | ncm=9503.00.80 | cst=000 | dun=27896484100780 | produto_mm=400x240x275 | caixa=4un/4.368kg | peso=0.89kg",ESPECIFICA,https://cardosotoys.com.br/topi/produtos/tandy-bombeiro-sem-embalagem/,(sem fonte),CONFIRMADO,NAO_ENCONTRADO,PENDENTE,
0124,Leva Papinha,tópi,FAZ DE CONTA,,O Leva-Papinha é um kit completo de cozinha infantil ideal para estimular o faz de conta e a criatividade das crianças.,,Estimula imaginação e criatividade | Desenvolve coordenação motora fina | Incentiva brincadeiras de faz de conta | Trabalha organização e interação social,"Crianças + 3 anos que gostam de brincar de cozinhar, servir e criar histórias no universo do faz de conta.","material=Plástico | cor=Rosa | genero=Menina | idade=+ 3 Anos | conteudo_caixa=1 Cesta
1 Jarra 
4 Pratos
4 Copos
4 Facas
4 Colheres
4 Garfos
1 Panela
1  Caçarola
1 Frigideira
1  Concha
1 Escumadeira
1 Espatula | ncm=9503.00.80 | cst=000 | dun=2789648410124-4 | produto_mm=252x160x100 | caixa=6un/1.975kg | peso=0.285kg",ESPECIFICA,https://cardosotoys.com.br/topi/produtos/leva-papinha/,(sem fonte),CONFIRMADO,NAO_ENCONTRADO,PENDENTE,
0125,Carrinho de Boneca Passeio do Bebê,tópi,FAZ DE CONTA,,O Carrinho de Boneca Passeio do Bebê é perfeito para tornar as brincadeiras ainda mais especiais.,,Estimula imaginação e faz de conta | Incentiva cuidado e responsabilidade | Desenvolve coordenação motora | Leve e fácil de manusear,Crianças a partir de 3 anos que gostam de brincar com bonecas e simular passeios e cuidados com o bebê.,material=Plástico | cor=Rosa | genero=Menina | idade=+ 3 Anos | conteudo_caixa=1 Carrinho de Boneca | ncm=9503.00.10 | cst=000 | dun=1789648410125-4 | produto_mm=255x113x690 | caixa=4un/2.724kg | peso=0.53kg,ESPECIFICA,https://cardosotoys.com.br/topi/produtos/carrinho-de-boneca-passeio-do-bebe/,(sem fonte),CONFIRMADO,NAO_ENCONTRADO,PENDENTE,
0133,Mini Mercado,tópi,FAZ DE CONTA,,O Mini-Mercado é perfeito para transformar a brincadeira em uma experiência divertida de compras e organização.,,Estimula imaginação e criatividade | Incentiva brincadeiras de faz de conta | Desenvolve coordenação motora fina | Trabalha organização e socialização,"Crianças + 3 anos que gostam de brincar de mercado, organizar produtos e criar histórias do cotidiano de forma lúdica.","material=Plástico | cor=Amarelo | genero=Menina | idade=+ 3 Anos | conteudo_caixa=1 Cesta
2 Pratos
2 Copos
2 Facas
2 Colheres
2 Garfos
15 Caixinhas | ncm=9503.00.80 | cst=000 | dun=2789648410133-6 | produto_mm=252x160x100 | caixa=6un/1.6kg | peso=0.215kg",ESPECIFICA,https://cardosotoys.com.br/topi/produtos/mini-mercado/,(sem fonte),CONFIRMADO,NAO_ENCONTRADO,PENDENTE,
0205,Baldão de Praia,tópi,AR LIVRE,,O Baldão de Praia é perfeito para momentos de diversão ao ar livre.,,Estimula criatividade e imaginação | Incentiva brincadeiras ao ar livre | Desenvolve coordenação motora | Ideal para praia e parque,Crianças a partir de 3 anos que gostam de brincar na areia e explorar atividades ao ar livre.,"material=Plástico | cor=Azul/Rosa/Vermelho | genero=Unissex | idade=+ 3 Anos | conteudo_caixa=1 Baldão
3 Formas temáticas
1 pá
1  rastelo | ncm=9503.00.80 | cst=000 | dun=37896484102057 | produto_mm=200xXx205 | caixa=8un/2.32kg | peso=0.225kg",ESPECIFICA,https://cardosotoys.com.br/topi/produtos/baldao-de-praia/,(sem fonte),CONFIRMADO,NAO_ENCONTRADO,PENDENTE,
0209,Baldico de Praia,tópi,AR LIVRE,,O Baldico de Praia é ideal para os pequenos explorarem a diversão na areia com segurança e praticidade.,,Estimula criatividade e imaginação | Incentiva atividades ao ar livre | Desenvolve coordenação motora | Leve e fácil de transportar,Crianças a partir de 18 meses que estão iniciando suas experiências com brincadeiras na areia.,"material=Plástico | cor=Azul/Rosa/Vermelho | genero=Unissex | idade=+ 18 meses | conteudo_caixa=1 Baldico
3 Formas temáticas
1 pá
1  rastelo | ncm=9503.00.80 | cst=000 | dun=47896484102092 | produto_mm=165xXx155 | caixa=12un/2.25kg | peso=0.145kg",ESPECIFICA,https://cardosotoys.com.br/topi/produtos/baldico-de-praia/,(sem fonte),CONFIRMADO,NAO_ENCONTRADO,PENDENTE,
0263,Tambor Pocoyo,playmi,PLAY&COLLECT,,"de um dos personagens mais queridos pelas crianças. Ideal para estimular o interesse pela música desde cedo, permite que a criança explore sons, crie batidas e desenvolva senso rítmico de forma lúdica.",Acompanha 2 baquetas,Estimula percepção musical e senso rítmico | Desenvolve coordenação motora fina | Incentiva expressão artística | Promove estímulo sensorial auditivo | Brinquedo temático com personagem infantil,"Crianças + 3 anos que gostam de música, personagens e atividades que envolvem ritmo e criatividade.","material=Plástico | cor=Azul | genero=Unissex | idade=+ 3 Anos | conteudo_caixa=1 Tambor 
2 baquetas | ncm=9503.00.99 | cst=000 | dun=2789648410263-0 | produto_mm=D 202xD 202x175 | caixa=6un/2.4kg | peso=0.185kg",GENERICA,https://cardosotoys.com.br/playmi/produtos/tambor-pocoyo/,https://cardosotoys.com.br/playmi/produtos/tambor-pocoyo/,CONFIRMADO,CONFIRMADO,PENDENTE,
0266,Tamborete Pocoyo,playmi,PLAY&COLLECT,,"O Tamborete Pocoyo é um instrumento musical infantil compacto, ideal para introduzir as crianças ao universo dos ritmos e sons de forma divertida.",Acompanha 2 baquetas,Estimula percepção musical e senso rítmico | Desenvolve coordenação motora fina | Incentiva criatividade e expressão artística | Promove estímulo auditivo | Brinquedo temático com personagem infantil,"Crianças + 3 anos que gostam de música, personagens e atividades que envolvem ritmo e criatividade.","material=Plástico | cor=Azul | genero=Unissex | idade=+ 3 Anos | conteudo_caixa=1 Tamborete
2 baquetas | ncm=9503.00.99 | cst=000 | dun=2789648410266-1 | produto_mm=D 202xD 202x80 | caixa=6un/1.63kg | peso=0.15kg",ESPECIFICA,https://cardosotoys.com.br/playmi/produtos/tamborete-pocoyo/,https://cardosotoys.com.br/playmi/produtos/tamborete-pocoyo/,CONFIRMADO,CONFIRMADO,PENDENTE,
0272,Guitarra Pocoyo,playmi,PLAY&COLLECT,,"A Guitarra Pocoyo é um instrumento musical infantil que une diversão, personagem e estímulo sonoro em uma única experiência.",Com som,Estimula percepção musical e senso rítmico | Possui mecanismo e som para maior interação | Desenvolve coordenação motora | Incentiva expressão artística | Brinquedo temático com personagem infantil,"Crianças + 4 anos que gostam de música, personagens e brincadeiras que envolvem ritmo e criatividade.",material=Plástico | cor=Azul | genero=Unissex | idade=+ 4 anos | conteudo_caixa=1 Guitarra Pocoyo | ncm=9503.00.99 | cst=500 | dun=2789648410272-2 | produto_mm=372x120x42 | caixa=6un/1.76kg | peso=0.125kg,ESPECIFICA,https://cardosotoys.com.br/playmi/produtos/guitarra-pocoyo/,https://cardosotoys.com.br/playmi/produtos/guitarra-pocoyo/,CONFIRMADO,CONFIRMADO,PENDENTE,
0275,Boneco de Vinil Pocoyo,playmi,PLAY&COLLECT,,"O Boneco de Vinil Pocoyo é ideal para acompanhar a criança nos primeiros anos de desenvolvimento, oferecendo uma experiência lúdica com um dos personagens mais queridos do universo infantil.",Aproximadamente - 15cm,Estimula imaginação e criação de histórias | Desenvolve coordenação motora fina | Incentiva vínculo afetivo com personagem | Material em vinil fácil de manusear | Ideal para a primeira infância,"Crianças + 18 meses que estão desenvolvendo coordenação, vínculo afetivo e habilidades de imaginação por meio do brincar.",material=Vinil | cor=Azul | genero=Unissex | idade=+ 18 meses | conteudo_caixa=1 Boneco de Vinil Pocoyo | ncm=9503.00.22 | cst=000 | dun=2789648410275-3 | produto_mm=70x65x140 | caixa=6un/1.21kg | peso=0.06kg,ESPECIFICA,https://cardosotoys.com.br/playmi/produtos/boneco-de-vinil-pocoyo/,https://cardosotoys.com.br/playmi/produtos/boneco-de-vinil-pocoyo/,CONFIRMADO,CONFIRMADO,PENDENTE,
0280,Mipuxa Azul,tópi,PRIMEIRA INFÂNCIA,,O Mipuxa Azul é um carrinho didático desenvolvido para estimular o desenvolvimento motor e cognitivo na primeira infância.,,Estimula coordenação motora grossa | Desenvolve coordenação motora fina | Incentiva reconhecimento de formas geométricas | Auxilia no desenvolvimento cognitivo | Ideal para primeira infância,"Crianças + 18 meses que estão desenvolvendo habilidades motoras, percepção espacial e reconhecimento de formas por meio de atividades didáticas.","material=Plástico | cor=Azul ou Rosa | genero=Unissex | idade=+ 18 meses | conteudo_caixa=1 Mipuxa
4 formas geométricas | ncm=9503.00.80 | cst=000 | dun=2789648410280-7 | produto_mm=312x255x170 | caixa=6un/5.46kg | peso=0.58kg",ESPECIFICA,https://cardosotoys.com.br/topi/produtos/mipuxa-azul/,(sem fonte),CONFIRMADO,NAO_ENCONTRADO,PENDENTE,
0281,Boneco de Vinil Loula,playmi,PLAY&COLLECT,,O Boneco de Vinil Loula é ideal para acompanhar a criança nas primeiras descobertas do universo lúdico.,Para brincar no banho,Estimula imaginação e criação de histórias | Desenvolve coordenação motora fina | Incentiva vínculo afetivo com personagem | Material em vinil fácil de manusear | Ideal para a primeira infância,"Crianças + 18 meses que estão desenvolvendo habilidades motoras, imaginação e interação por meio do brincar.",material=Vinil | cor=Marrom | genero=Unissex | idade=+ 18 meses | conteudo_caixa=1 Boneco de Vinil Loula | ncm=9503.00.39 | cst=000 | dun=2789648410281-4 | produto_mm=74x85x103 | caixa=6un/1.15kg | peso=0.05kg,ESPECIFICA,https://cardosotoys.com.br/playmi/produtos/boneco-de-vinil-loula/,https://cardosotoys.com.br/playmi/produtos/boneco-de-vinil-loula/,CONFIRMADO,CONFIRMADO,PENDENTE,
0282,Boneco de Vinil Pato,playmi,PLAY&COLLECT,,O Boneco de Vinil Pato é perfeito para ampliar o universo do faz de conta na primeira infância.,Para brincar no banho,Estimula imaginação e narrativa | Desenvolve coordenação motora fina | Incentiva interação e vínculo afetivo | Material em vinil fácil de manusear | Ideal para primeira infância,"Crianças + 18 meses que estão desenvolvendo habilidades motoras, imaginação e interação social por meio do brincar.",material=Vinil | cor=Amarelo | genero=Unissex | idade=+ 18 meses | conteudo_caixa=1 Boneco de Vinil Pato | ncm=9503.00.39 | cst=000 | dun=2789648410282-1 | produto_mm=52x96x161 | caixa=6un/1.255kg | peso=0.07kg,ESPECIFICA,https://cardosotoys.com.br/playmi/produtos/boneco-de-vinil-pato/,https://cardosotoys.com.br/playmi/produtos/boneco-de-vinil-pato/,CONFIRMADO,CONFIRMADO,PENDENTE,
0300,Totokinha Clássica Rosa Caixa Individual,playmi,PLAY&RIDE,Um brinquedo que auxilia o desenvolvimento da criança de forma lúdica e divertida,"A Totokinha Clássica Rosa Caixa Individual é um brinquedo de montaria desenvolvido para estimular os primeiros movimentos da criança com segurança, estabilidade e diversão.",Estimula o equilíbrio | Formas Geométricas | Marcha e chave crec-crec | Porta-malas abre e fecha | Possui buzina,Estimula equilíbrio e coordenação motora grossa | Fortalece a musculatura das pernas | Incentiva autonomia e independência | Auxilia no desenvolvimento do controle corporal | Ideal para primeiros deslocamentos com segurança,Crianças + 18 meses em fase inicial de desenvolvimento da mobilidade ativa.,"material=Plástico | cor=Rosa | genero=Menina | idade=+ 18 meses | conteudo_caixa=1 Totokinha 
4 formas geométricas | ncm=9503.00.10 | cst=000 | dun=X | produto_mm=485x260x358 | caixa=1un/1.655kg | peso=1.24kg",ESPECIFICA,https://cardosotoys.com.br/playmi/produtos/totokinha-classica-rosa-caixa-individual/,https://cardosotoys.com.br/playmi/produtos/totokinha-classica-rosa-caixa-individual/,CONFIRMADO,CONFIRMADO,PENDENTE,"DESCRICAO_EXISTENTE — preservada, nao substituir"
0301,Totokinha Clássica Azul Caixa Individual,playmi,PLAY&RIDE,A cor da embalagem individual,A Totokinha Clássica Azul Caixa Individual é perfeita para apoiar o desenvolvimento motor na primeira infância.,Estimula o equilíbrio | Formas Geométricas | Marcha e chave crec-crec | Porta-malas abre e fecha | Possui buzina,Desenvolve equilíbrio e coordenação motora grossa | Estimula força nas pernas | Incentiva independência nos movimentos | Auxilia no desenvolvimento da confiança corporal | Ideal para fase inicial de mobilidade,Crianças + 18 meses que estão descobrindo a mobilidade independente.,"material=Plástico | cor=Azul | genero=Menino | idade=+ 18 meses | conteudo_caixa=1 Totokinha 
4 formas geométricas | ncm=9503.00.10 | cst=000 | dun=X | produto_mm=485x260x358 | caixa=1un/1.655kg | peso=1.24kg",ESPECIFICA,https://cardosotoys.com.br/playmi/produtos/totokinha-classica-azul-caixa-individual/,https://cardosotoys.com.br/playmi/produtos/totokinha-classica-azul-caixa-individual/,CONFIRMADO,CONFIRMADO,PENDENTE,"DESCRICAO_EXISTENTE — preservada, nao substituir"
1007,Dino Sabidinho,tópi,PRIMEIRA INFÂNCIA,,O Dino Sabidinho é um caminhão didático desenvolvido para estimular o aprendizado na primeira infância de forma divertida e interativa.,,Estimula coordenação motora grossa | Desenvolve coordenação motora fina | Incentiva reconhecimento de formas geométricas | Trabalha percepção visual e raciocínio lógico | Ideal para a fase da primeira infância,"Crianças + 18 meses que estão desenvolvendo habilidades motoras, cognitivas e reconhecimento de formas por meio de atividades didáticas e interativas.","material=Plástico | cor=Vermelho ou Amarelo | genero=Unissex | idade=+ 18 meses | conteudo_caixa=1 caminhão Dino Sabidinho
4 formas geométricas | ncm=9503.00.80 | cst=000 | dun=2789648411007-9 | produto_mm=327x186x176 | caixa=6un/5.495kg | peso=0.635kg",ESPECIFICA,https://cardosotoys.com.br/topi/produtos/dino-sabidinho/,(sem fonte),CONFIRMADO,NAO_ENCONTRADO,PENDENTE,
1017,Tandy Tractor,playmi,PLAY&DRIVE,Um super caminhão basculante e carregadeira com caçamba e braços articulados!,O Tandy Tractor é um caminhão infantil de roda livre desenvolvido para estimular a imaginação e a coordenação motora por meio de brincadeiras dinâmicas.,Caçamba articulada | Escavadeira com movimento,Estimula criatividade e imaginação | Desenvolve coordenação motora grossa | Sistema de roda livre para fácil movimentação | Incentiva percepção espacial | Ideal para brincadeiras com veículos e cenários de transporte,"Crianças + 3 anos que gostam de brincar com caminhões e criar cenários de transporte, fazenda e aventura.",material=Plástico | cor=Vermelho | genero=Menino | idade=+ 3 Anos | conteudo_caixa=1 Caminhão | ncm=9503.00.80 | cst=000 | dun=17896484110171 | produto_mm=470x240x278 | caixa=4un/6.36kg | peso=0.945kg,ESPECIFICA,https://cardosotoys.com.br/playmi/produtos/tandy-tractor/,https://cardosotoys.com.br/playmi/produtos/tandy-tractor/,CONFIRMADO,CONFIRMADO,PENDENTE,"DESCRICAO_EXISTENTE — preservada, nao substituir"
1018,Combo 2 Construction,playmi,PLAY&DRIVE,,"O Combo 2 Construction é um caminhão infantil de roda livre inspirado no universo da construção, ideal para crianças que gostam de criar cenários com obras, máquinas e transporte de materiais.",A cabine gira | Caçamba articulada,Estimula imaginação no universo da construção | Desenvolve coordenação motora grossa | Sistema de roda livre para fácil deslocamento | Incentiva percepção espacial | Ideal para criar cenários de obra e transporte,Crianças + 3 anos que gostam de veículos de construção e brincadeiras com caminhões e cenários de obra.,material=Plástico | cor=Amarelo | genero=Menino | idade=+ 3 Anos | conteudo_caixa=1 Caminhão | ncm=9503.00.80 | cst=000 | dun=17896484110188 | produto_mm=350x220x236 | caixa=4un/5.3kg | peso=0.73kg,ESPECIFICA,https://cardosotoys.com.br/playmi/produtos/combo-2-construction/,https://cardosotoys.com.br/playmi/produtos/combo-2-construction/,CONFIRMADO,CONFIRMADO,PENDENTE,
1036,Jeep Rally (No Filme),tópi,RODA LIVRE,,O Jeep Rally é perfeito para crianças que adoram aventuras sobre rodas.,,Estimula coordenação motora | Incentiva criatividade e imaginação | Design esportivo e resistente | Ideal para brincadeiras dinâmicas,Crianças a partir de 3 anos que gostam de jipes e aventuras off-road.,material=Plástico | cor=Azul | genero=Menino | idade=+ 3 Anos | conteudo_caixa=1 Carro | ncm=9503.00.80 | cst=000 | dun=47896484110363 | produto_mm=230x115x110 | caixa=12un/2.47kg | peso=0.198kg,ESPECIFICA,https://cardosotoys.com.br/topi/produtos/jeep-rally-sem-embalagem/,(sem fonte),CONFIRMADO,NAO_ENCONTRADO,PENDENTE,
1040,Combo Trator Escavadeira,tópi,RODA LIVRE,,O Combo Trator Escavadeira é perfeito para crianças que adoram o universo da construção e das grandes máquinas.,,Estimula criatividade e imaginação | Incentiva o brincar ativo | Desenvolve coordenação motora | Estrutura resistente e segura,"Crianças a partir de 3 anos que gostam de brincar com tratores, escavadeiras e criar cenários de construção.",material=Plástico | cor=Amarelo | genero=Menino | idade=+ 3 Anos | conteudo_caixa=1 Escavadeira | ncm=9503.00.80 | cst=000 | dun=27896484110406 | produto_mm=365x160x150 | caixa=6un/3.66kg | peso=0.315kg,ESPECIFICA,https://cardosotoys.com.br/topi/produtos/combo-trator-escavadeira/,(sem fonte),CONFIRMADO,NAO_ENCONTRADO,PENDENTE,
1041,Combo Trator Retroescavadeira,tópi,RODA LIVRE,,O Combo Trator Retroescavadeira é a escolha ideal para pequenos construtores que adoram criar cenários de obras e aventuras cheias de movimento.,,Estimula imaginação e criatividade | Incentiva o brincar ativo | Desenvolve coordenação motora | Estrutura resistente e segura,"Crianças a partir de 3 anos que gostam de tratores, máquinas de construção e brincadeiras com movimento.",material=Plástico | cor=Amarelo | genero=Menino | idade=+ 3 Anos | conteudo_caixa=1 Retroescavadeira | ncm=9503.00.80 | cst=000 | dun=27896484110413 | produto_mm=416x160x196 | caixa=6un/4.565kg | peso=0.385kg,ESPECIFICA,https://cardosotoys.com.br/topi/produtos/combo-trator-retroescavadeira/,(sem fonte),CONFIRMADO,NAO_ENCONTRADO,PENDENTE,
1042,Invictus Basculante,tópi,RODA LIVRE,,O Invictus Basculante é o caminhão ideal para crianças que adoram transportar cargas e criar cenários de construção cheios de ação.,,Estimula criatividade e imaginação | Incentiva o brincar ativo | Desenvolve coordenação motora | Estrutura resistente e durável,"Crianças a partir de 3 anos que gostam de caminhões, transporte de cargas e brincadeiras com temática de construção.",material=Plástico | cor=Amarelo/Vermelho | genero=Menino | idade=+ 3 Anos | conteudo_caixa=1 Caminhão | ncm=9503.00.80 | cst=000 | dun=47896484110424 | produto_mm=255x105x117 | caixa=12un/4.155kg | peso=0.215kg,ESPECIFICA,https://cardosotoys.com.br/topi/produtos/invictus-basculante/,(sem fonte),CONFIRMADO,NAO_ENCONTRADO,PENDENTE,
1044,Invictus Graneleiro,tópi,RODA LIVRE,,O Invictus Graneleiro é o caminhão ideal para crianças que gostam de transportar cargas e criar cenários cheios de aventura.,,Estimula imaginação e criatividade | Incentiva o brincar ativo | Desenvolve coordenação motora | Estrutura resistente e durável,"Crianças a partir de 3 anos que gostam de caminhões, transporte de cargas e brincadeiras com temática de construção e logística.",material=Plástico | cor=Amarelo/Vermelho | genero=Menino | idade=+ 3 Anos | conteudo_caixa=1 Caminhão | ncm=9503.00.80 | cst=000 | dun=47896484110448 | produto_mm=430x110x120 | caixa=12un/6.685kg | peso=0.355kg,ESPECIFICA,https://cardosotoys.com.br/topi/produtos/invictus-graneleiro/,(sem fonte),CONFIRMADO,NAO_ENCONTRADO,PENDENTE,
1045,Invictus Resgate,tópi,RODA LIVRE,,O Invictus Resgate é o conjunto perfeito para crianças que adoram missões cheias de ação e aventura.,,Estimula criatividade e imaginação | Incentiva o brincar ativo | Desenvolve coordenação motora | Conjunto com dois veículos para mais diversão,"Crianças a partir de 3 anos que gostam de caminhões, carros e aventuras com temática de resgate.","material=Plástico | cor=Amarelo/Vermelho | genero=Menino | idade=+ 3 Anos | conteudo_caixa=1 Caminhão
1 Carro | ncm=9503.00.80 | cst=000 | dun=47896484110455 | produto_mm=245x105x105 | caixa=12un/4.505kg | peso=0.245kg",ESPECIFICA,https://cardosotoys.com.br/topi/produtos/invictus-resgate/,(sem fonte),CONFIRMADO,NAO_ENCONTRADO,PENDENTE,
1046,Jeep Rally,tópi,RODA LIVRE,,O Jeep Rally é um carrinho roda livre ideal para aventuras cheias de velocidade e imaginação.,,Estimula imaginação e criatividade | Desenvolve coordenação motora | Movimento roda livre | Design estilo off-road,"Crianças a partir de 3 anos que gostam de jipes, trilhas e aventuras radicais.",material=Plástico | cor=Azul | genero=Menino | idade=+ 3 Anos | conteudo_caixa=1 Jipe | ncm=9503.00.80 | cst=000 | dun=47896484110462 | produto_mm=230x120x110 | caixa=12un/3.74kg | peso=0.175kg,ESPECIFICA,https://cardosotoys.com.br/topi/produtos/jeep-rally/,(sem fonte),CONFIRMADO,NAO_ENCONTRADO,PENDENTE,
1049,Tandy Bombeiro,playmi,PLAY&DRIVE,"Um caminhão de bombeiro equipado com cones, escadas retráteis, maca de salvamento e extintores!",O Tandy Bombeiro é um caminhão de bombeiro infantil de roda livre desenvolvido para transformar a brincadeira em verdadeiras missões de resgate.,Acompanha acessórios | Escada retrátil,Estimula imaginação com cenários de resgate | Desenvolve coordenação motora grossa | Sistema de roda livre para movimentação prática | Incentiva criatividade e narrativa | Acessórios que ampliam a experiência de brincadeira,Crianças + 3 anos que gostam de veículos de emergência e brincadeiras cheias de ação e aventura.,"material=Plástico | cor=Vermelho | genero=Menino | idade=+ 3 Anos | conteudo_caixa=1 Caminhão
1 Maca
2 extintores
2 cones | ncm=9503.00.80 | cst=000 | dun=17896484110492 | produto_mm=400x240x275 | caixa=4un/5.965kg | peso=0.885kg",ESPECIFICA,https://cardosotoys.com.br/playmi/produtos/tandy-bombeiro/,https://cardosotoys.com.br/playmi/produtos/tandy-bombeiro/,CONFIRMADO,CONFIRMADO,PENDENTE,"DESCRICAO_EXISTENTE — preservada, nao substituir"
1051,Combo Agro Trator,tópi,RODA LIVRE,,O Combo Agro Trator é perfeito para crianças que adoram o universo do campo e das máquinas agrícolas.,,Estimula criatividade e imaginação | Incentiva o brincar ativo | Desenvolve coordenação motora | Design inspirado em tratores agrícolas,"Crianças a partir de 3 anos que gostam de tratores, fazendinhas e brincadeiras com temática agrícola.",material=Plástico | cor=Amarelo | genero=Menino | idade=+ 3 Anos | conteudo_caixa=1 Trator | ncm=9503.00.80 | cst=000 | dun=27896484110512 | produto_mm=380x148x146 | caixa=6un/3.835kg | peso=0.3kg,ESPECIFICA,https://cardosotoys.com.br/topi/produtos/combo-agro-trator/,(sem fonte),CONFIRMADO,NAO_ENCONTRADO,PENDENTE,
1052,Dino Praia,tópi,AR LIVRE,,O Dino Praia é um brinquedo completo para tornar os momentos na areia ainda mais divertidos.,,Estimula criatividade e imaginação | Incentiva brincadeiras ao ar livre | Desenvolve coordenação motora | Design temático de dinossauro,Crianças a partir de 18 meses que gostam de dinossauros e brincadeiras na areia.,"material=Plástico | cor=Colorido | genero=Unissex | idade=+ 18 meses | conteudo_caixa=1 Dino Praia
1 Balde de praia
3 Formas temáticas
1 pá
1  rastelo | ncm=9503.00.80 | cst=000 | dun=47896484110523 | produto_mm=327x186x200 | caixa=6un/4.26kg | peso=0.615kg",ESPECIFICA,https://cardosotoys.com.br/topi/produtos/dino-praia/,(sem fonte),CONFIRMADO,NAO_ENCONTRADO,PENDENTE,
1053,Invictus Sky,tópi,RODA LIVRE,,"O Invictus Sky é o conjunto perfeito para crianças que adoram aventuras cheias de ação, combinando operações terrestres e aéreas em uma única brincadeira.",,Estimula criatividade e imaginação | Incentiva o brincar ativo | Desenvolve coordenação motora | Conjunto com caminhão e helicóptero,"Crianças a partir de 3 anos que gostam de caminhões, helicópteros e brincadeiras com temática de resgate e aventura.","material=Plástico | cor=Amarelo/Vermelho | genero=Menino | idade=+ 3 Anos | conteudo_caixa=1 Caminhão 
1 Helicóptero | ncm=9503.00.81 | cst=000 | dun=4789648411053-0 | produto_mm=425x105x125 | caixa=12un/6.83kg | peso=0.3kg",ESPECIFICA,https://cardosotoys.com.br/topi/produtos/invictus-sky/,(sem fonte),CONFIRMADO,NAO_ENCONTRADO,PENDENTE,
1058,Invictus Super Cegonheiro,tópi,RODA LIVRE,,O Invictus Super Cegonheiro é o conjunto ideal para crianças que adoram transportar veículos e criar cenários cheios de movimento.,,Estimula imaginação e criatividade | Incentiva o brincar ativo | Desenvolve coordenação motora | Conjunto com 5 carros para mais diversão,"Crianças a partir de 3 anos que gostam de caminhões cegonheiros, carros e brincadeiras com temática de transporte.","material=Plástico | cor=Amarelo/Vermelho | genero=Menino | idade=+ 3 Anos | conteudo_caixa=1 Caminhão 
5 Carros | ncm=9503.00.80 | cst=000 | dun=2789648411058-1 | produto_mm=490x120x170 | caixa=6un/4.608kg | peso=0.618kg",ESPECIFICA,https://cardosotoys.com.br/topi/produtos/invictus-super-cegonheiro/,(sem fonte),CONFIRMADO,NAO_ENCONTRADO,PENDENTE,
1059,Open Tracks Trator Retroescavadeira,playmi,PLAY&DRIVE,,O Open Tracks Trator Retroescavadeira é um brinquedo de roda livre inspirado nas máquinas pesadas utilizadas em obras e construções.,Carregadeira com movimento | Escavadeira com movimento | Vem com motorista,Estimula imaginação no universo da construção | Desenvolve coordenação motora grossa | Sistema de roda livre para fácil movimentação | Incentiva percepção espacial | Ideal para criar cenários de obra e escavação,"Crianças + 3 anos que gostam de tratores, máquinas de construção e brincadeiras com cenários de obra.",material=Plástico | cor=Amarelo | genero=Menino | idade=+ 3 Anos | conteudo_caixa=1 Retroescavadeira | ncm=9503.00.80 | dun=1789648411059-1 | produto_mm=650x195x235 | caixa=4un/5.032kg | peso=0.7kg,ESPECIFICA,https://cardosotoys.com.br/playmi/produtos/open-tracks-trator-retroescavadeira/,https://cardosotoys.com.br/playmi/produtos/open-tracks-trator-retroescavadeira/,CONFIRMADO,CONFIRMADO,PENDENTE,
1060,Open Tracks Trator Escavadeira,playmi,PLAY&DRIVE,,O Open Tracks Trator Escavadeira é um brinquedo de roda livre inspirado nas máquinas utilizadas em grandes escavações e obras.,Escavadeira com movimento | Vem com motorista,Estimula imaginação com cenários de obra | Desenvolve coordenação motora grossa | Sistema de roda livre para fácil movimentação | Incentiva percepção espacial | Ideal para brincadeiras com máquinas de construção,"Crianças + 3 anos que gostam de escavadeiras, tratores e brincadeiras no universo da construção.",material=Plástico | cor=Amarelo | genero=Menino | idade=+ 3 Anos | conteudo_caixa=1 Escavadeira | ncm=9503.00.80 | dun=1789648411060-7 | produto_mm=560x195x233 | caixa=4un/4.2kg | peso=0.55kg,ESPECIFICA,https://cardosotoys.com.br/playmi/produtos/open-tracks-trator-escavadeira/,https://cardosotoys.com.br/playmi/produtos/open-tracks-trator-escavadeira/,CONFIRMADO,CONFIRMADO,PENDENTE,
1061,Open Tracks Trator Carregadeira,playmi,PLAY&DRIVE,,O Open Tracks Trator Carregadeira é um brinquedo de roda livre inspirado nas máquinas utilizadas para transporte e movimentação de materiais em obras.,Escavadeira com movimento | Vem com motorista,Estimula imaginação no universo da construção | Desenvolve coordenação motora grossa | Sistema de roda livre para fácil movimentação | Incentiva percepção espacial | Ideal para criar cenários de transporte e carregamento,"Crianças + 3 anos que gostam de tratores, carregadeiras e brincadeiras com máquinas de obra.",material=Plástico | cor=Amarelo | genero=Menino | idade=+ 3 Anos | conteudo_caixa=1 trator carregadeira | ncm=9503.00.80 | dun=1789648411061-4 | produto_mm=420x195x233 | caixa=4un/4.208kg | peso=0.57kg,ESPECIFICA,https://cardosotoys.com.br/playmi/produtos/open-tracks-trator-carregadeira/,https://cardosotoys.com.br/playmi/produtos/open-tracks-trator-carregadeira/,CONFIRMADO,CONFIRMADO,PENDENTE,
1062,Caminhão Air Truck Caçamba,playmi,PLAY&DRIVE,,O Caminhão Air Truck Caçamba é um brinquedo de roda livre ideal para crianças que gostam do universo da construção e transporte de materiais.,Caçamba articulada,Estimula imaginação com cenários de construção | Desenvolve coordenação motora grossa | Sistema de roda livre para fácil movimentação | Incentiva criatividade em histórias de transporte | Ideal para brincadeiras com caminhões de obra,"Crianças + 3 anos que gostam de caminhões, construção e brincadeiras com veículos de transporte.",material=PLASTICO | cor=Amarelo | genero=MENINO | idade=+ 3 Anos | conteudo_caixa=1 caminhão | ncm=9503.00.80 | dun=1789648411062-1 | produto_mm=348x243x207 | caixa=4un/kg | peso=0.87kg,ESPECIFICA,https://cardosotoys.com.br/playmi/produtos/caminhao-air-truck-cacamba/,https://cardosotoys.com.br/playmi/produtos/caminhao-air-truck-cacamba/,CONFIRMADO,CONFIRMADO,PENDENTE,
1063,Caminho Air Truck Escavadeira,playmi,PLAY&DRIVE,,O Caminhão Air Truck Escavadeira é um brinquedo de roda livre que une transporte e ação em um único modelo.,Escavadeira com movimento,Estimula imaginação no universo da construção | Desenvolve coordenação motora grossa | Sistema de roda livre para fácil movimentação | Incentiva percepção espacial | Ideal para criar cenários com escavações e transporte,"Crianças + 3 anos que gostam de escavadeiras, caminhões e brincadeiras com máquinas de obra.",material=PLASTICO | cor=Amarelo | genero=MENINO | idade=+ 3 Anos | conteudo_caixa=1 caminhão | ncm=9503.00.80 | dun=1789648411063-8 | produto_mm=429x243x207 | caixa=4un/kg | peso=0.87kg,ESPECIFICA,https://cardosotoys.com.br/playmi/produtos/caminhao-air-truck-escavadeira/,https://cardosotoys.com.br/playmi/produtos/caminhao-air-truck-escavadeira/,CONFIRMADO,CONFIRMADO,PENDENTE,
2001,Carrinho de Boneca Meu Nenê,tópi,FAZ DE CONTA,,O Carrinho de Boneca Meu Nenê é ideal para tornar as brincadeiras ainda mais carinhosas e divertidas.,,Estimula imaginação e faz de conta | Incentiva cuidado e responsabilidade | Desenvolve coordenação motora | Leve e fácil de manusear,Crianças a partir de 3 anos que gostam de brincar com bonecas e simular momentos de passeio e cuidado.,material=Plástico | cor=Rosa | genero=Menina | idade=+ 3 Anos | conteudo_caixa=1 Carrinho de Boneca | ncm=9503.00.10 | cst=000 | dun=1789648412001-9 | produto_mm=230x390x575 | caixa=4un/2.18kg | peso=0.375kg,ESPECIFICA,https://cardosotoys.com.br/topi/produtos/carrinho-de-boneca-meu-nene/,(sem fonte),CONFIRMADO,NAO_ENCONTRADO,PENDENTE,
2003,Carrinho de Boneca Desmontado,tópi,FAZ DE CONTA,,O Carrinho de Boneca Desmontado é ideal para estimular a criatividade e a interação durante a brincadeira.,,Estimula imaginação e faz de conta | Incentiva coordenação motora | Desenvolve habilidades de montagem | Leve e fácil de montar,,"material=Plástico | cor=Rosa | genero=Menina | idade=+ 3 Anos | conteudo_caixa=4 Rodas 
2 Laterais
1 Assento
1 Encosto
1 Mesa
1 Cabo 
2 Eixos | ncm=9503.00.10 | cst=000 | dun=4789648412003-4 | produto_mm=230x390x575 | caixa=12un/5.55kg | peso=0.39kg",ESPECIFICA,https://cardosotoys.com.br/topi/produtos/carrinho-de-boneca-desmontado/,(sem fonte),CONFIRMADO,NAO_ENCONTRADO,PENDENTE,
2004,Doce Cozinha Almocinho,tópi,FAZ DE CONTA,,O Doce Cozinha Almocinho é um kit completo para transformar a brincadeira em momentos deliciosos de imaginação.,,Estimula imaginação e criatividade | Incentiva brincadeiras de faz de conta | Desenvolve coordenação motora fina | Trabalha organização e socialização,"Crianças + 3 anos que gostam de brincar de cozinhar, organizar utensílios e criar momentos de faz de conta com amigos e familiares.","material=Plástico | cor=Rosa | genero=Menina | idade=+ 3 Anos | conteudo_caixa=1 Panela
1  Caçarola
2 Pratos
2 Copos
1  Concha
1 Escumadeira
1 Espatula
2 Facas
2 Colheres
2 Garfos | ncm=9503.00.80 | cst=000 | dun=2789648412004-7 | produto_mm=300x75x300 | caixa=6un/2.028kg | peso=0.06kg",ESPECIFICA,https://cardosotoys.com.br/topi/produtos/doce-cozinha-almocinho/,(sem fonte),CONFIRMADO,NAO_ENCONTRADO,PENDENTE,
2005,Doce Cozinha Lanchinho,tópi,FAZ DE CONTA,,O Doce Cozinha Lanchinho é o kit perfeito para transformar o momento do lanche em uma divertida brincadeira de faz de conta.,,Estimula imaginação e criatividade | Incentiva brincadeiras de faz de conta | Desenvolve coordenação motora fina | Trabalha interação social,"Crianças + 3 anos que gostam de brincar de servir, organizar e criar histórias no universo do faz de conta.","material=Plástico | cor=Rosa | genero=Menina | idade=+ 3 Anos | conteudo_caixa=1 Jarra 
4 Pratos
4 Copos
4 Facas
4 Colheres
4 Garfos | ncm=9503.00.80 | cst=000 | dun=2789648412005-4 | produto_mm=300x75x300 | caixa=6un/2.145kg | peso=0.095kg",ESPECIFICA,https://cardosotoys.com.br/topi/produtos/doce-cozinha-lanchinho/,(sem fonte),CONFIRMADO,NAO_ENCONTRADO,PENDENTE,
2006,Doce Cozinha Jantinha,tópi,FAZ DE CONTA,,O Doce Cozinha Jantinha é o conjunto ideal para transformar o momento do jantar em uma divertida experiência de faz de conta.,,Estimula imaginação e criatividade | Incentiva o faz de conta | Desenvolve coordenação motora fina | Trabalha organização e socialização,Crianças a partir de 3 anos que gostam de brincar de preparar refeições e criar momentos especiais no universo da cozinha.,"material=Plástico | cor=Rosa | genero=Menina | idade=+ 3 Anos | conteudo_caixa=1 Panela
1  Caçarola
1 Frigideira
2 Pratos
1  Concha
1 Escumadeira
1 Espatula
2 Facas
2 Colheres
2 Garfos | ncm=9503.00.80 | cst=000 | dun=2789648412006-1 | produto_mm=300x75x300 | caixa=6un/2.028kg | peso=0.08kg",ESPECIFICA,https://cardosotoys.com.br/topi/produtos/doce-cozinha-jantinha/,(sem fonte),CONFIRMADO,NAO_ENCONTRADO,PENDENTE,
2009,Carrinho de Boneca Desmontado,tópi,FAZ DE CONTA,,O Carrinho de Boneca Desmontado é perfeito para unir diversão e aprendizado.,,Estimula imaginação e faz de conta | Incentiva coordenação motora | Desenvolve habilidades de montagem | Estrutura leve e resistente,Crianças a partir de 3 anos que gostam de brincar com bonecas e participar da montagem do próprio brinquedo.,"material=Plástico | cor=Rosa | genero=Menina | idade=+ 3 Anos | conteudo_caixa=4 Rodas 
2 Laterais
1 Assento
1 Encosto
1 Mesa
1 Cabo 
2 Eixos | ncm=9503.00.10 | cst=000 | dun=4789648412009-6 | produto_mm=230x390x575 | caixa=12un/5.55kg | peso=0.39kg",ESPECIFICA,https://cardosotoys.com.br/topi/produtos/carrinho-de-boneca-desmontado-2/,(sem fonte),CONFIRMADO,NAO_ENCONTRADO,PENDENTE,
2010,Doce Cozinha Faz de Conta,tópi,FAZ DE CONTA,,O Doce Cozinha Faz de Conta é o conjunto ideal para iniciar as crianças no universo da cozinha imaginária.,,Estimula criatividade e imaginação | Incentiva o brincar simbólico | Desenvolve coordenação motora fina | Trabalha organização e interação social,"Crianças a partir de 3 anos que gostam de brincar de cozinhar, preparar receitas e criar histórias no universo do faz de conta.","material=Plástico | cor=Rosa | genero=Menina | idade=+ 3 Anos | conteudo_caixa=1 Panela
1  Caçarola
1  Concha
1 Escumadeira
1 Espatula
1 Fogão | ncm=9503.00.80 | cst=000 | dun=278964842010-8 | produto_mm=300x75x300 | caixa=6un/2.08kg | peso=0.075kg",ESPECIFICA,https://cardosotoys.com.br/topi/produtos/doce-cozinha-faz-de-conta/,(sem fonte),CONFIRMADO,NAO_ENCONTRADO,PENDENTE,
2011,Doce Cozinha Fogãozinho,tópi,FAZ DE CONTA,,O Doce Cozinha Fogãozinho é um kit completo para transformar qualquer cantinho em uma divertida cozinha infantil.,,Estimula imaginação e criatividade | Incentiva o faz de conta | Desenvolve coordenação motora fina | Trabalha organização e socialização | Kit completo para brincadeiras mais realistas,"Crianças a partir de 3 anos que gostam de brincar de cozinhar, preparar refeições e criar histórias no universo da cozinha infantil.","material=Plástico | cor=Rosa | genero=Menina | idade=+ 3 Anos | conteudo_caixa=1 Panela
1  Caçarola
2 Pratos
1  Concha
1 Escumadeira
1 Espatula
2 Facas
2 Colheres
2 Garfos
1  Tábua de carne
1 Faca | ncm=9503.00.80 | cst=000 | dun=278964842011-5 | produto_mm=300x75x300 | caixa=6un/2.44kg | peso=0.135kg",ESPECIFICA,https://cardosotoys.com.br/topi/produtos/doce-cozinha-fogaozinho/,(sem fonte),CONFIRMADO,NAO_ENCONTRADO,PENDENTE,
2012,Geladeira Sonho de Menina,playmi,PLAY&IMAGINE,,A Geladeira Sonho de Menina é ideal para completar a cozinha no universo do faz de conta.,Acompanha acessórios | Faz de conta | Forma para sorvete de verdade | Prateleiras internas,Estimula organização e responsabilidade | Desenvolve imaginação no cotidiano | Incentiva habilidades sociais | Ideal para simular rotina doméstica,"Crianças + 3 anos que estão desenvolvendo imaginação, organização e interação social por meio de brincadeiras de faz de conta.","material=Plástico | cor=Rosa | genero=Menina | idade=+ 3 Anos | conteudo_caixa=1 Geladeira Sonho de Menina
2 prateleiras
1 porta ovos
1  forma de picolé com 4 
4 ovos
1 cartela de adesivos | ncm=9503.00.80 | cst=000 | dun=9789648412012-1 | produto_mm=255x202x486 | caixa=2un/3.38kg | peso=1.775kg",ESPECIFICA,https://cardosotoys.com.br/playmi/produtos/geladeira-sonho-de-menina/,https://cardosotoys.com.br/playmi/produtos/geladeira-sonho-de-menina/,CONFIRMADO,CONFIRMADO,PENDENTE,
2013,Cozinha Sonho de Menina,playmi,PLAY&IMAGINE,,A Cozinha Sonho de Menina oferece uma experiência completa de preparo de refeições no universo do faz de conta.,A porta do forno abre | Suporte para celular,Estimula criatividade culinária | Desenvolve coordenação motora | Incentiva organização | Ideal para simular preparo e serviço de refeições,Crianças + 3 anos que gostam de brincar de cozinhar e explorar diferentes papéis no ambiente doméstico.,"material=Plástico | cor=Rosa | genero=Menina | idade=+ 3 Anos | conteudo_caixa=A Cozinha Sonho de Menina vem com 1 panela com tampa, 2 pratos, 1 espátula, 1 concha,
1 escumadeira, 2 garfos, 2 facas e 2 colheres e cartões pop-up para recortar no verso da embalagem. | ncm=9503.00.80 | cst=000 | dun=9789648412013-8 | produto_mm=266x206x486 | caixa=2un/2.96kg | peso=0.84kg",ESPECIFICA,https://cardosotoys.com.br/playmi/produtos/cozinha-sonho-de-menina/,https://cardosotoys.com.br/playmi/produtos/cozinha-sonho-de-menina/,CONFIRMADO,CONFIRMADO,PENDENTE,
2014,Geladeira Gela Sorvetinho,playmi,PLAY&IMAGINE,,A Geladeira Gela Sorvetinho amplia a experiência de faz de conta ao simular o preparo e a retirada de sorvetes pelo dispenser.,Forma para sorvete de verdade | Prateleiras internas,Estimula imaginação e interação | Desenvolve coordenação motora | Incentiva criatividade no servir | Ideal para simular preparo de sobremesas,Crianças + 3 anos que gostam de explorar brincadeiras de cozinha com foco em sobremesas e momentos de servir.,"material=Plástico | cor=Rosa | genero=Menina | idade=+ 3 Anos | conteudo_caixa=A Geladeira Gela Sorvetinho vem com 2 sorvetinhos, 2 casquinhas, 1 forminha para fazer
sorvete, 2 prateleiras internas, além do dispenser que sai sorvetinho. | ncm=9503.00.80 | cst=000 | dun=9789648412014-5 | produto_mm=255x202x486 | caixa=2un/3.92kg | peso=1.775kg",ESPECIFICA,https://cardosotoys.com.br/playmi/produtos/geladeira-gela-sorvetinho/,https://cardosotoys.com.br/playmi/produtos/geladeira-gela-sorvetinho/,CONFIRMADO,CONFIRMADO,PENDENTE,
2015,Geladeira Sonho de Menina Caixa Individual,playmi,PLAY&IMAGINE,,,,,,"material=Plástico | cor=Rosa | genero=Menina | idade=+ 3 Anos | conteudo_caixa=1 Geladeira Sonho de Menina
2 prateleiras
1 porta ovos
1  forma de picolé com 4 
4 ovos
1 cartela de adesivos | ncm=9503.00.80 | cst=000 | dun=X | produto_mm=255x202x486 | caixa=1un/1.38kg | peso=1.775kg",,(sem fonte),(sem fonte),NAO_ENCONTRADO,NAO_ENCONTRADO,PENDENTE,
2016,Cozinha Sonho de Menina Caixa Individual,playmi,PLAY&IMAGINE,"Torneira lúdica, não sai água de verdade.",,,,,"material=Plástico | cor=Rosa | genero=Menina | idade=+ 3 Anos | conteudo_caixa=A Cozinha Sonho de Menina vem com 1 panela com tampa, 2 pratos, 1 espátula, 1 concha,
1 escumadeira, 2 garfos, 2 facas e 2 colheres e cartões pop-up para recortar no verso da embalagem. | ncm=9503.00.80 | cst=000 | dun=X | produto_mm=266x206x486 | caixa=1un/1.08kg | peso=0.84kg",,(sem fonte),(sem fonte),NAO_ENCONTRADO,NAO_ENCONTRADO,PENDENTE,"DESCRICAO_EXISTENTE — preservada, nao substituir"
2017,Geladeira Gela Sorvetinho Caixa Individual,playmi,PLAY&IMAGINE,Puxe a 486A x 255C x 202L casquinha 2º Aperte o botão 3º Tire o Sorvetinho,,,,,"material=Plástico | cor=Rosa | genero=Menina | idade=+ 3 Anos | conteudo_caixa=A Geladeira Gela Sorvetinho vem com 2 sorvetinhos, 2 casquinhas, 1 forminha para fazer
sorvete, 2 prateleiras internas, além do dispenser que sai sorvetinho. | ncm=9503.00.80 | cst=000 | dun=X | produto_mm=255x202x486 | caixa=1un/1.42kg | peso=1.775kg",,(sem fonte),(sem fonte),NAO_ENCONTRADO,NAO_ENCONTRADO,PENDENTE,"DESCRICAO_EXISTENTE — preservada, nao substituir"
2018,Acqua Bubble,playmi,PLAY&IMAGINE,,O Acqua Bubble proporciona uma experiência lúdica que simula o preparo e organização na cozinha.,Dispenser para ensaboar a louça | Faz de conta | Torneira para enxaguar,Estimula imaginação | Desenvolve habilidades sociais | Incentiva coordenação motora | Proporciona interação dinâmica,Crianças + 3 anos em fase de desenvolvimento social e criativo por meio do faz de conta.,"material=Plástico | cor=Rosa | genero=Menina | idade=+ 3 Anos | conteudo_caixa=1 Acqua Bubble 
2 pratos
2 garfos
2 facas
2 colheres
1 concha
1 escumadeira
1 espatula | ncm=9503.00.80 | cst=000 | dun=9789648412018-3 | produto_mm=307x190x500 | caixa=2un/3.53kg | peso=1.19kg",ESPECIFICA,https://cardosotoys.com.br/playmi/produtos/acqua-bubble/,https://cardosotoys.com.br/playmi/produtos/acqua-bubble/,CONFIRMADO,CONFIRMADO,PENDENTE,
2019,Acqua Bubble Caixa Individual,playmi,PLAY&IMAGINE,,,,,,"material=Plástico | cor=Rosa | genero=Menina | idade=+ 3 Anos | conteudo_caixa=1 Acqua Bubble 
2 pratos
2 garfos
2 facas
2 colheres
1 concha
1 escumadeira
1 espatula | ncm=9503.00.80 | cst=000 | dun=X | produto_mm=307x190x500 | caixa=1un/1.52kg | peso=1.19kg",,(sem fonte),(sem fonte),NAO_ENCONTRADO,NAO_ENCONTRADO,PENDENTE,
2020,Doce Cozinha Gourmet Air Fryer,playmi,PLAY&IMAGINE,,"A Doce Cozinha Gourmet Air Fryer permite que a criança simule o preparo de alimentos modernos, explorando o universo dos eletrodomésticos atuais.",Cesto que abre e fecha | Faz de conta,Estimula imaginação | Desenvolve coordenação motora | Incentiva reconhecimento de eletrodomésticos | Ideal para simular preparo de alimentos,Crianças + 3 anos que gostam de brincar de cozinhar e explorar o ambiente da cozinha.,material=PLASTICO | cor=ROSA | genero=MENINA | idade=+ 3 Anos | conteudo_caixa=1 fritadeira Air Fryer com cesto | ncm=9503.00.80 | dun=2789648412020-7 | produto_mm=187x229x221 | caixa=6un/kg | peso=0.215kg,ESPECIFICA,https://cardosotoys.com.br/playmi/produtos/doce-cozinha-gourmet-air-fryer/,https://cardosotoys.com.br/playmi/produtos/doce-cozinha-gourmet-air-fryer/,CONFIRMADO,CONFIRMADO,PENDENTE,
2021,Doce Cozinha Gourmet Batedeira,playmi,PLAY&IMAGINE,,"A Doce Cozinha Gourmet Batedeira permite que a criança simule o preparo de massas e receitas, incentivando criatividade e imaginação culinária.",Faz de conta | Pá com giro planetário,Estimula criatividade | Desenvolve coordenação motora | Incentiva imaginação culinária | Ideal para simular preparo de receitas,Crianças + 3 anos que estão desenvolvendo imaginação e coordenação por meio do faz de conta.,"material=PLASTICO | cor=ROSA | genero=MENINA | idade=+ 3 Anos | conteudo_caixa=1 batedeira 
1 recipiente | ncm=9503.00.80 | dun=2789648412021-4 | produto_mm=196x122x249 | caixa=6un/kg | peso=0.27kg",ESPECIFICA,https://cardosotoys.com.br/playmi/produtos/doce-cozinha-gourmet-batedeira/,https://cardosotoys.com.br/playmi/produtos/doce-cozinha-gourmet-batedeira/,CONFIRMADO,CONFIRMADO,PENDENTE,
2022,Doce Cozinha Gourmet Liquidificador,playmi,PLAY&IMAGINE,,"A Doce Cozinha Gourmet Liquidificador estimula a criança a criar bebidas e receitas imaginárias, explorando misturas e combinações.",Faz de conta | Pá giratória,Incentiva criatividade | Desenvolve coordenação motora | Estimula imaginação alimentar | Ideal para simular preparo de bebidas,Crianças + 3 anos que gostam de explorar combinações e criar receitas imaginárias.,material=PLASTICO | cor=ROSA | genero=MENINA | idade=+ 3 Anos | conteudo_caixa=1 liquidificador com tampa | ncm=9503.00.80 | dun=2789648412022-1 | produto_mm=158x130x268 | caixa=6un/kg | peso=0.27kg,ESPECIFICA,https://cardosotoys.com.br/playmi/produtos/doce-cozinha-gourmet-liquidificador/,https://cardosotoys.com.br/playmi/produtos/doce-cozinha-gourmet-liquidificador/,CONFIRMADO,CONFIRMADO,PENDENTE,
2023,Doce Cozinha Gourmet Máquina de Café Espresso,playmi,PLAY&IMAGINE,,A Doce Cozinha Gourmet Máquina de Café Espresso permite simular o preparo de bebidas quentes no universo do faz de conta.,Faz de conta,Estimula imaginação | Incentiva socialização | Desenvolve coordenação motora | Ideal para simular cafeteria,Crianças + 3 anos que gostam de criar cenários e simular situações do dia a dia.,"material=PLASTICO | cor=ROSA | genero=MENINA | idade=+ 3 Anos | conteudo_caixa=1 máquina de café espresso 
2 cápsulas
1 xícara | ncm=9503.00.80 | dun=2789648412023-8 | produto_mm=140x230x210 | caixa=6un/kg | peso=0.27kg",ESPECIFICA,https://cardosotoys.com.br/playmi/produtos/doce-cozinha-gourmet-maquina-de-cafe-espresso/,https://cardosotoys.com.br/playmi/produtos/doce-cozinha-gourmet-maquina-de-cafe-espresso/,CONFIRMADO,CONFIRMADO,PENDENTE,
2024,Doce Cozinha Gourmet Microondas,playmi,PLAY&IMAGINE,,A Doce Cozinha Gourmet Microondas amplia a experiência de cozinha imaginária ao simular o aquecimento de alimentos.,Faz de conta | Porta abre e fecha,Estimula imaginação | Desenvolve coordenação motora | Incentiva organização | Ideal para simular preparo de refeições,Crianças + 3 anos em fase de desenvolvimento da criatividade e interação social por meio do faz de conta.,material=PLASTICO | cor=ROSA | genero=MENINA | idade=+ 3 Anos | conteudo_caixa=1 microondas com prato giratório | ncm=9503.00.80 | dun=2789648412024-5 | produto_mm=247x164x162 | caixa=6un/kg | peso=0.27kg,ESPECIFICA,https://cardosotoys.com.br/playmi/produtos/doce-cozinha-gourmet-microondas/,https://cardosotoys.com.br/playmi/produtos/doce-cozinha-gourmet-microondas/,CONFIRMADO,CONFIRMADO,PENDENTE,
3007,Teltaluga,tópi,PRIMEIRA INFÂNCIA,,A Teltaluga é um brinquedo didático desenvolvido especialmente para acompanhar os primeiros aprendizados da criança.,,Estimula coordenação motora fina | Incentiva autonomia e exploração | Fácil manuseio para mãos pequenas | Auxilia no desenvolvimento sensorial | Ideal para primeira infância,"Crianças + 18 meses que estão desenvolvendo habilidades motoras, percepção tátil e coordenação por meio de atividades didáticas simples e estimulantes.",material=Plástico | cor=Azul ou Rosa | genero=Unissex | idade=+ 18 meses | conteudo_caixa=1 Teltaluga | ncm=9503.00.80 | cst=000 | dun=2789648413007-7 | produto_mm=198x153x118 | caixa=6un/1.875kg | peso=0.18kg,ESPECIFICA,https://cardosotoys.com.br/topi/produtos/teltaluga/,(sem fonte),CONFIRMADO,NAO_ENCONTRADO,PENDENTE,
3008,Tortuga,tópi,PRIMEIRA INFÂNCIA,,A Tortuga é um brinquedo didático desenvolvido para estimular a coordenação motora e o raciocínio lógico na primeira infância.,,Estimula coordenação motora fina | Desenvolve reconhecimento de formas geométricas | Incentiva raciocínio lógico | Auxilia no desenvolvimento cognitivo | Ideal para primeira infância,"Crianças + 18 meses que estão desenvolvendo habilidades motoras, percepção espacial e aprendizado por meio de atividades didáticas e interativas.","material=Plástico | cor=Azul ou Rosa | genero=Unissex | idade=+ 18 meses | conteudo_caixa=1 Tortuga
4 formas geométricas
1 forma de tartaruga | ncm=9503.00.80 | cst=000 | dun=2789648413008-4 | produto_mm=236x210x175 | caixa=6un/3.07kg | peso=0.26kg",ESPECIFICA,https://cardosotoys.com.br/topi/produtos/tortuga/,(sem fonte),CONFIRMADO,NAO_ENCONTRADO,PENDENTE,
3011,Boneco de Vinil Elly,playmi,PLAY&COLLECT,,O Boneco de Vinil Elly é ideal para ampliar as possibilidades do faz de conta na primeira infância.,,Estimula imaginação e criação de histórias | Desenvolve coordenação motora fina | Incentiva expressão emocional | Material em vinil fácil de manusear | Ideal para primeira infância,"Crianças + 18 meses que estão desenvolvendo habilidades motoras, interação social e criatividade por meio do brincar.",material=Vinil | cor=Rosa | genero=Unissex | idade=+ 18 meses | conteudo_caixa=1 Boneco de Vinil Elly | ncm=9503.00.39 | cst=000 | dun=2789648413011-4 | produto_mm=95x85x175 | caixa=6un/1.545kg | peso=0.065kg,ESPECIFICA,https://cardosotoys.com.br/playmi/produtos/boneco-de-vinil-elly/,(sem fonte),CONFIRMADO,NAO_ENCONTRADO,PENDENTE,
3012,Pata Bota-Ovo,tópi,PRIMEIRA INFÂNCIA,,A Pata Bota-Ovo é um brinquedo didático interativo que estimula o aprendizado por meio da ação e da descoberta.,,Estimula coordenação motora fina | Desenvolve noção de causa e efeito | Incentiva reconhecimento de formas | Auxilia no desenvolvimento cognitivo | Ideal para primeira infância,"Crianças + 18 meses que estão desenvolvendo habilidades motoras, percepção espacial e raciocínio lógico por meio de atividades didáticas e interativas.","material=Plástico | cor=Azul ou Rosa | genero=Unissex | idade=+ 18 meses | conteudo_caixa=1 Pata Bota Ovos
4 formas geométricas
3 ovos | ncm=9503.00.80 | cst=000 | dun=2789648413012-1 | produto_mm=220x120x230 | caixa=6un/2.965kg | peso=0.255kg",ESPECIFICA,https://cardosotoys.com.br/topi/produtos/pata-bota-ovo/,(sem fonte),CONFIRMADO,NAO_ENCONTRADO,PENDENTE,
3013,Miniaturas Pocoyo,playmi,PLAY&COLLECT,,As Miniaturas Pocoyo são ideais para ampliar o universo do faz de conta com mais personagens e possibilidades de histórias.,Dedoches | Medida aproximada – 5cm | Para brincar no banho,Estimula imaginação e criação de histórias | Desenvolve coordenação motora fina | Incentiva interação e brincadeiras em grupo | Conjunto com múltiplos personagens | Ideal para complementar coleções,"Crianças + 3 anos que gostam de personagens, faz de conta e brincadeiras criativas com múltiplas figuras.",material=Vinil | cor=Colorido | genero=Unissex | idade=+ 3 anos | conteudo_caixa=5 Miniaturas Pocoyo | ncm=9503.00.80 | cst=000 | dun=2789648413013-8 | produto_mm=210x65x145 | caixa=6un/0.845kg | peso=0.04kg,ESPECIFICA,https://cardosotoys.com.br/playmi/produtos/miniaturas-pocoyo/,https://cardosotoys.com.br/playmi/produtos/miniaturas-pocoyo/,CONFIRMADO,CONFIRMADO,PENDENTE,
3021,Boneco de Vinil Nina,playmi,PLAY&COLLECT,,O Boneco de Vinil Nina é ideal para enriquecer as brincadeiras da primeira infância com criatividade e imaginação.,Para brincar no banho,Estimula imaginação e criação de histórias | Desenvolve coordenação motora fina | Incentiva expressão emocional | Material em vinil fácil de manusear | Ideal para primeira infância,"Crianças + 18 meses que estão desenvolvendo habilidades motoras, criatividade e interação social por meio do brincar.",material=Vinil | cor=Verde | genero=Unissex | idade=+ 18 meses | conteudo_caixa=1 Boneco de Vinil Nina | ncm=9503.00.40 | cst=000 | dun=2789648413021-3 | produto_mm=79x72x135 | caixa=6un/1.26kg | peso=0.065kg,ESPECIFICA,https://cardosotoys.com.br/playmi/produtos/boneco-de-vinil-nina/,https://cardosotoys.com.br/playmi/produtos/boneco-de-vinil-nina/,CONFIRMADO,CONFIRMADO,PENDENTE,
3027,Dino Bombeirinho,playmi,PLAY&LEARN,,O Dino Bombeirinho foi desenvolvido para transformar o brincar em uma aventura cheia de imaginação e aprendizado.,Engrenagem que giram | Marcha e chave crec-crec | Vem com peças temáticas,,,"material=Plástico | cor=Vermelho | genero=Unissex | idade=+ 18 meses | conteudo_caixa=1 caminhão Dino Bombeirinho
3 peças temáticas
3 engrenagens | ncm=9503.00.80 | cst=000 | dun=2789648413027-5 | produto_mm=350x210x235 | caixa=6un/5.124kg | peso=0.642kg",ESPECIFICA,https://cardosotoys.com.br/playmi/produtos/dino-bombeirinho/,https://cardosotoys.com.br/playmi/produtos/dino-bombeirinho/,CONFIRMADO,CONFIRMADO,PENDENTE,
3028,Dino Escolar,playmi,PLAY&LEARN,,O Dino Escolar é um brinquedo didático desenvolvido para introduzir conceitos de aprendizado de forma divertida desde a primeira infância.,Brinquedo com braille | Números | Porta-malas abre e fecha,,,"material=Plástico | cor=Amarelo ou Rosa | genero=Unissex | idade=+ 18 meses | conteudo_caixa=1 caminhão Dino Escolar
4 formas geométricas
5 números | ncm=9503.00.80 | cst=000 | dun=2789648413028-2 | produto_mm=350x210x235 | caixa=6un/5.124kg | peso=0.642kg",ESPECIFICA,https://cardosotoys.com.br/playmi/produtos/dino-escolar/,https://cardosotoys.com.br/playmi/produtos/dino-escolar/,CONFIRMADO,CONFIRMADO,PENDENTE,
3029,Dino Sabidinho Plus,playmi,PLAY&LEARN,,O Dino Sabidinho Plus é um brinquedo didático criado para oferecer ainda mais estímulos durante a fase de descobertas da primeira infância.,Acompanha blocos | Caçamba articulada | Formas Geométricas,,"crianças a partir de 18 meses, o Dino Sabidinho Plus estimula a coordenação motora, o raciocínio lógico e a curiosidade, promovendo um desenvolvimento completo por meio de uma brincadeira segura, divertida e envolvente.","material=Plástico | cor=Vermelho | genero=Unissex | idade=+ 18 meses | conteudo_caixa=1 caminhão Dino Sabidinho Plus 
4 formas geométricas
3 blocos | ncm=9503.00.80 | cst=000 | dun=2789648413029-9 | produto_mm=350x210x235 | caixa=6un/5.88kg | peso=0.75kg",ESPECIFICA,https://cardosotoys.com.br/playmi/produtos/dino-sabidinho-plus/,https://cardosotoys.com.br/playmi/produtos/dino-sabidinho-plus/,CONFIRMADO,CONFIRMADO,PENDENTE,
3033,Totokinha Bolinha Rosa,playmi,PLAY&RIDE,,"A Totokinha Bolinha Rosa combina mobilidade com estímulo sensorial, tornando a experiência ainda mais divertida e envolvente.",Acompanha bolinha | Estimula o equilíbrio | Formas Geométricas | Marcha e chave crec-crec | Porta-malas abre e fecha | Possui buzina,Estimula equilíbrio e coordenação motora grossa | Incentiva mobilidade ativa | Proporciona estímulo sensorial adicional | Desenvolve confiança corporal | Torna a brincadeira mais interativa,Crianças + 18 meses em fase de desenvolvimento motor ativo.,"material=Plástico | cor=Rosa | genero=Menina | idade=+ 18 meses | conteudo_caixa=1 Totokinha Bolinha 
2 Bolinhas
4 formas geométricas | ncm=9503.00.10 | cst=000 | dun=9789648413033-5 | produto_mm=498x283x316 | caixa=2un/4.96kg | peso=1.393kg",ESPECIFICA,https://cardosotoys.com.br/playmi/produtos/totokinha-bolinha-rosa/,https://cardosotoys.com.br/playmi/produtos/totokinha-bolinha-rosa/,CONFIRMADO,CONFIRMADO,PENDENTE,
3034,Totokinha Bolinha Azul,playmi,PLAY&RIDE,,A Totokinha Bolinha Azul é ideal para transformar os primeiros movimentos em uma experiência dinâmica e divertida.,Acompanha bolinha | Estimula o equilíbrio | Formas Geométricas | Marcha e chave crec-crec | Porta-malas abre e fecha | Possui buzina,Desenvolve equilíbrio e coordenação motora grossa | Estimula força nas pernas | Incentiva mobilidade independente | Proporciona estímulo sensorial | Auxilia no desenvolvimento da autonomia,Crianças + 18 meses em desenvolvimento da coordenação motora e equilíbrio.,"material=Plástico | cor=Azul | genero=Menino | idade=+ 18 meses | conteudo_caixa=1 Totokinha Bolinha 
2 Bolinhas
4 formas geométricas | ncm=9503.00.10 | cst=000 | dun=9789648413034-2 | produto_mm=498x283x316 | caixa=2un/4.96kg | peso=1.393kg",ESPECIFICA,https://cardosotoys.com.br/playmi/produtos/totokinha-bolinha-azul/,https://cardosotoys.com.br/playmi/produtos/totokinha-bolinha-azul/,CONFIRMADO,CONFIRMADO,PENDENTE,
3038,Miniaturas Galinha Pintadinha,playmi,PLAY&COLLECT,,As Miniaturas Galinha Pintadinha são perfeitas para ampliar o universo da criança com os personagens que fazem parte do seu dia a dia.,Dedoches | Medida aproximada – 6cm,Conjunto com 5 miniaturas | Estimula imaginação e criação de histórias | Desenvolve coordenação motora fina | Ideal para brincar e colecionar | Produzido em vinil resistente,"Crianças + 3 anos que gostam de personagens musicais, histórias animadas e brincadeiras criativas com múltiplas figuras.",material=Vinil | cor=Colorido | genero=Unissex | idade=+ 3 anos | conteudo_caixa=5 Miniaturas de vinil Galinha Pintadinha | ncm=9503.00.80 | cst=000 | dun=2789648413013-8 | produto_mm=210x65x145 | caixa=6un/0.782kg | peso=0.04kg,ESPECIFICA,https://cardosotoys.com.br/playmi/produtos/miniaturas-galinha-pintadinha/,https://cardosotoys.com.br/playmi/produtos/miniaturas-galinha-pintadinha/,CONFIRMADO,CONFIRMADO,PENDENTE,
3045,Totoka Plus sem Eletrônico Rosa,playmi,PLAY&RIDE,,A Totoka Plus Sem Eletrônico Rosa é uma montaria infantil projetada para acompanhar a criança na fase de transição entre ser conduzida e conduzir seus próprios movimentos.,Estimula o equilíbrio | Haste e apoios removíveis | Marcha e chave crec-crec | Porta-malas abre e fecha | Possui buzina,Estimula coordenação motora grossa | Incentiva autonomia progressiva | Permite acompanhamento do adulto | Desenvolve equilíbrio e força nas pernas | Ideal para fase de transição motora,Crianças + 18 meses em desenvolvimento da mobilidade e autonomia.,"material=Plástico | cor=Rosa | genero=Menina | idade=+ 18 meses | conteudo_caixa=1 Totoka 
1 haste para empurrar
1 apoio de braço
1 par de apoio para os pés | ncm=9503.00.10 | cst=500 | dun=9789648413045-8 | produto_mm=495x250x348 | caixa=2un/6.405kg | peso=2.055kg",ESPECIFICA,https://cardosotoys.com.br/playmi/produtos/totoka-plus-sem-eletronico-rosa/,https://cardosotoys.com.br/playmi/produtos/totoka-plus-sem-eletronico-rosa/,CONFIRMADO,CONFIRMADO,PENDENTE,
3046,Totoka Plus sem Eletrônico Azul,playmi,PLAY&RIDE,,A Totoka Plus Sem Eletrônico Azul é ideal para estimular mobilidade com segurança.,Estimula o equilíbrio | Haste e apoios removíveis | Marcha e chave crec-crec | Porta-malas abre e fecha | Possui buzina,Desenvolve equilíbrio e coordenação motora grossa | Permite uso assistido | Incentiva independência gradual | Estimula força muscular | Proporciona segurança na mobilidade,Crianças + 18 meses em fase de transição para mobilidade independente.,"material=Plástico | cor=Azul | genero=Menino | idade=+ 18 meses | conteudo_caixa=1 Totoka 
1 haste para empurrar
1 apoio de braço
1 par de apoio para os pés | ncm=9503.00.10 | cst=500 | dun=9789648413046-5 | produto_mm=495x250x348 | caixa=2un/6.405kg | peso=2.055kg",ESPECIFICA,https://cardosotoys.com.br/playmi/produtos/totoka-plus-sem-eletronico-azul/,https://cardosotoys.com.br/playmi/produtos/totoka-plus-sem-eletronico-azul/,CONFIRMADO,CONFIRMADO,PENDENTE,
3048,Boneco de Vinil Fred,playmi,PLAY&COLLECT,,O Boneco de Vinil Fred é perfeito para enriquecer o universo do faz de conta na primeira infância.,Para brincar no banho,Estimula imaginação e criação de histórias | Desenvolve coordenação motora fina | Incentiva interação e vínculo afetivo | Material em vinil fácil de manusear | Ideal para primeira infância,"Crianças + 18 meses que estão desenvolvendo habilidades motoras, criatividade e interação por meio do brincar.",material=Vinil | cor=Vermelho | genero=Unissex | idade=+ 18 meses | conteudo_caixa=1 Boneco de Vinil Fred | ncm=9503.00.39 | cst=000 | dun=2789648413048-0 | produto_mm=110x95x90 | caixa=6un/1.278kg | peso=0.09kg,ESPECIFICA,https://cardosotoys.com.br/playmi/produtos/boneco-de-vinil-fred/,https://cardosotoys.com.br/playmi/produtos/boneco-de-vinil-fred/,CONFIRMADO,CONFIRMADO,PENDENTE,
3049,Boneco de Vinil Sonequita,playmi,PLAY&COLLECT,,O Boneco de Vinil Sonequita é ideal para enriquecer o universo do faz de conta na primeira infância.,Para brincar no banho,Estimula imaginação e narrativa | Desenvolve coordenação motora fina | Incentiva vínculo afetivo e interação | Material em vinil fácil de manusear | Ideal para primeira infância,"Crianças + 18 meses que estão desenvolvendo habilidades motoras, criatividade e interação social por meio do brincar",material=Vinil | cor=Verde | genero=Unissex | idade=+ 18 meses | conteudo_caixa=1 Boneco de Vinil Sonequita | ncm=9503.00.39 | cst=000 | dun=2789648413049-7 | produto_mm=92x92x82 | caixa=6un/1.42kg | peso=0.1kg,ESPECIFICA,https://cardosotoys.com.br/playmi/produtos/boneco-de-vinil-sonequita/,https://cardosotoys.com.br/playmi/produtos/boneco-de-vinil-sonequita/,CONFIRMADO,CONFIRMADO,PENDENTE,
3050,Boneco de Vinil Pocoyo Grande,playmi,PLAY&COLLECT,,O Boneco de Vinil Pocoyo Grande é a versão ampliada do personagem que conquista gerações.,Brinquedo articulado | Medida aproximada - 28cm,Tamanho grande que amplia a experiência da brincadeira | Estimula imaginação e criação de histórias | Desenvolve coordenação motora fina | Incentiva vínculo afetivo com personagem | Material em vinil macio e resistente,"Crianças + 18 meses que estão desenvolvendo habilidades motoras, interação social e imaginação por meio do brincar com personagens.",material=Vinil | cor=Azul | genero=Unissex | idade=+ 18 meses | conteudo_caixa=1 Boneco de Vinil Pocoyo | ncm=9503.00.39 | cst=0 | dun=1789648413050-6 | produto_mm=120x120x280 | caixa=4un/2.8kg | peso=0.4kg,ESPECIFICA,https://cardosotoys.com.br/playmi/produtos/boneco-de-vinil-pocoyo-grande/,https://cardosotoys.com.br/playmi/produtos/boneco-de-vinil-pocoyo-grande/,CONFIRMADO,CONFIRMADO,PENDENTE,
3051,Boneco de Vinil Elly Grande,playmi,PLAY&COLLECT,,O Boneco de Vinil Elly Grande é a versão ampliada da personagem que encanta crianças com seu universo lúdico e delicado.,Brinquedo articulado | Medida aproximada - 28cm,Versão grande que amplia a experiência da brincadeira | Estimula imaginação e narrativa | Desenvolve coordenação motora fina | Incentiva vínculo afetivo com personagem | Material em vinil macio e resistente,"Crianças + 18 meses que estão desenvolvendo habilidades motoras, criatividade e interação por meio do brincar com personagens.",material=Vinil | cor=Rosa | genero=Unissex | idade=+ 18 meses | conteudo_caixa=1 Boneco de Vinil Elly | ncm=9503.00.39 | cst=0 | dun=1789648413051-3 | produto_mm=120x120x290 | caixa=4un/2.8kg | peso=0.51kg,ESPECIFICA,https://cardosotoys.com.br/playmi/produtos/boneco-de-vinil-elly-grande/,https://cardosotoys.com.br/playmi/produtos/boneco-de-vinil-elly-grande/,CONFIRMADO,CONFIRMADO,PENDENTE,
3052,Boneco de Vinil Pato Grande,playmi,PLAY&COLLECT,,O Boneco de Vinil Pato Grande é a versão ampliada do personagem que traz ainda mais presença e diversão para o universo do faz de conta.,Brinquedo articulado | Medida aproximada - 28cm,Versão grande que amplia a experiência da brincadeira | Estimula imaginação e criação de histórias | Desenvolve coordenação motora fina | Incentiva vínculo afetivo com personagem | Material em vinil macio e resistente,"Crianças + 18 meses que estão desenvolvendo habilidades motoras, imaginação e interação social por meio do brincar com personagens.",material=Vinil | cor=Amarelo | genero=Unissex | idade=+ 18 meses | conteudo_caixa=1 Boneco de Vinil Pato | ncm=9503.00.39 | cst=0 | dun=1789648413052-0 | produto_mm=120x120x290 | caixa=4un/2.8kg | peso=0.275kg,ESPECIFICA,https://cardosotoys.com.br/playmi/produtos/boneco-de-vinil-pato-grande/,https://cardosotoys.com.br/playmi/produtos/boneco-de-vinil-pato-grande/,CONFIRMADO,CONFIRMADO,PENDENTE,
3053,Mesinha de Atividades Rosa Caixa Individual,tópi,PRIMEIRA INFÂNCIA,,,,,,"material=Plástico | cor=Rosa | genero=Menina | idade=+ 18 meses | conteudo_caixa=1 Mesinha de atividades
4 formas geométricas
5 letras
5 números
3 engrenagens | ncm=9503.00.80 | cst=000 | dun=X | produto_mm=348x348x390 | caixa=1un/1.515kg | peso=1.05kg",,(sem fonte),(sem fonte),NAO_ENCONTRADO,NAO_ENCONTRADO,PENDENTE,
3054,Mesinha de Atividades Azul Caixa Indivudual,tópi,PRIMEIRA INFÂNCIA,,,,,,"material=Plástico | cor=Azul | genero=Menino | idade=+ 18 meses | conteudo_caixa=1 Mesinha de atividades
4 formas geométricas
5 letras
5 números
3 engrenagens | ncm=9503.00.80 | cst=000 | dun=X | produto_mm=348x348x390 | caixa=1un/1.515kg | peso=1.05kg",,(sem fonte),(sem fonte),NAO_ENCONTRADO,NAO_ENCONTRADO,PENDENTE,
3055,Bauduxo Didatico Rosa sem Embalagem,tópi,PRIMEIRA INFÂNCIA,,O Bauduxo Didatico Rosa Sem Embalagem é um brinquedo educativo desenvolvido para estimular o aprendizado na fase da primeira infância.,,Estimula reconhecimento numérico | Desenvolve coordenação motora fina | Incentiva aprendizado inicial de números | Trabalha percepção visual | Ideal para primeira infância,Crianças + 18 meses que estão iniciando o contato com números e desenvolvendo,"material=Plástico | cor=Rosa | genero=Menina | idade=+ 18 meses | conteudo_caixa=1 Bauduxo didático 
5 números | ncm=9503.00.80 | cst=000 | dun=1789648413055-1 | produto_mm=305x285x360 | caixa=4un/4.26kg | peso=0.935kg",ESPECIFICA,https://cardosotoys.com.br/topi/produtos/bauduxo-didatico-rosa-sem-embalagem/,(sem fonte),CONFIRMADO,NAO_ENCONTRADO,PENDENTE,
3056,Bauduxo Didatico Azul sem Embalagem,tópi,PRIMEIRA INFÂNCIA,,"O Bauduxo Didatico Azul Sem Embalagem é um brinquedo educativo pensado para a fase da primeira infância, estimulando o aprendizado numérico de forma prática e interativa.",,Estimula reconhecimento de números | Desenvolve coordenação motora fina | Incentiva aprendizado inicial | Trabalha percepção visual | Ideal para primeira infância,Crianças + 18 meses que estão iniciando o contato com números e desenvolvendo habilidades motoras e cognitivas por meio de atividades didáticas.,"material=Plástico | cor=Azul | genero=Menino | idade=+ 18 meses | conteudo_caixa=1 Bauduxo didático 
5 números | ncm=9503.00.80 | cst=000 | dun=1789648413056-8 | produto_mm=305x285x360 | caixa=4un/4.26kg | peso=0.935kg",ESPECIFICA,https://cardosotoys.com.br/topi/produtos/bauduxo-didatico-azul-sem-embalagem/,(sem fonte),CONFIRMADO,NAO_ENCONTRADO,PENDENTE,
3057,Tópi Bombeirinho,tópi,PRIMEIRA INFÂNCIA,,"O Tópi Bombeirinho é um carrinho didático inspirado no universo dos bombeiros, ideal para estimular o aprendizado e a imaginação desde a primeira infância.",,Estimula coordenação motora | Desenvolve raciocínio lógico | Incentiva criatividade e faz de conta | Engrenagens interativas,,"material=Plástico | cor=Vermelho | genero=Unissex | idade=+ 18 meses | conteudo_caixa=1 caminhão Tópi Bombeirinho
3 peças temáticas
3 engrenagens | ncm=9503.00.80 | cst=000 | dun=2789648413057-2 | produto_mm=350x210x235 | caixa=6un/5.04kg | peso=0.642kg",ESPECIFICA,https://cardosotoys.com.br/topi/produtos/topi-bombeirinho/,(sem fonte),CONFIRMADO,NAO_ENCONTRADO,PENDENTE,
3058,Tópi Escolar,tópi,PRIMEIRA INFÂNCIA,,O Tópi Escolar é um carrinho didático desenvolvido para estimular o aprendizado na primeira infância.,,Estimula reconhecimento de formas e números | Desenvolve coordenação motora fina | Incentiva raciocínio lógico | Promove aprendizado lúdico,,"material=Plástico | cor=Amarelo | genero=Unissex | idade=+ 18 meses | conteudo_caixa=1 caminhão Tópi Escolar
4 formas geométricas
5 números | ncm=9503.00.80 | cst=000 | dun=2789648413058-9 | produto_mm=350x210x235 | caixa=6un/5.16kg | peso=0.642kg",ESPECIFICA,https://cardosotoys.com.br/topi/produtos/topi-escolar/,(sem fonte),CONFIRMADO,NAO_ENCONTRADO,PENDENTE,
3059,Tópi Sabidinho Plus,tópi,PRIMEIRA INFÂNCIA,,O Tópi Sabidinho Plus é um carrinho didático desenvolvido para estimular o aprendizado na primeira infância de forma divertida e interativa.,,Estimula coordenação motora fina | Desenvolve raciocínio lógico | Incentiva reconhecimento de formas | Promove aprendizado lúdico,Crianças a partir de 18 meses que estão iniciando o desenvolvimento cognitivo através de brinquedos educativos e interativos.,"material=Plástico | cor=Vermelho | genero=Unissex | idade=+ 18 meses | conteudo_caixa=1 caminhão Tópi Sabidinho Plus 
4 formas geométricas
3 blocos | ncm=9503.00.80 | cst=000 | dun=2789648413059-6 | produto_mm=350x210x235 | caixa=6un/5.742kg | peso=0.75kg",ESPECIFICA,https://cardosotoys.com.br/topi/produtos/topi-sabidinho-plus/,(sem fonte),CONFIRMADO,NAO_ENCONTRADO,PENDENTE,
3063,Totokinha Pocoyo com Boneco,playmi,PLAY&COLLECT,,"A Totokinha Pocoyo com Boneco é um brinquedo completo para a fase dos primeiros passos, unindo mobilidade, diversão e aprendizado em um único produto.",Estimula o equilíbrio | Formas Geométricas | Marcha e chave crec-crec | Porta-malas abre e fecha | Possui buzina | Vem com cestinha e boneco,Auxilia no desenvolvimento dos primeiros passos | Estimula coordenação motora grossa e fina | Possui formas geométricas para encaixe | Acompanha boneco de vinil | Incentiva autonomia e equilíbrio | Brinquedo multifuncional para movimento e aprendizado,"Crianças + 18 meses que estão na fase de desenvolvimento da mobilidade, equilíbrio e coordenação, explorando movimentos e interações por meio do brincar ativo.","material=Vinil | cor=Azul | genero=Menino | idade=+ 18 meses | conteudo_caixa=1 Totokinha 
1 cestinha
4 formas geométricas
1 boneco de vinil | ncm=9503.00.10 | cst=500 | dun=9789648413063-2 | produto_mm=510x283x316 | caixa=2un/4.84kg | peso=1.393kg",ESPECIFICA,https://cardosotoys.com.br/playmi/produtos/totokinha-pocoyo-com-boneco/,https://cardosotoys.com.br/playmi/produtos/totokinha-pocoyo-com-boneco/,CONFIRMADO,CONFIRMADO,PENDENTE,
3064,Boneco de Pelúcia Pocoyo,playmi,PLAY&COLLECT,,O Boneco de Pelúcia Pocoyo é ideal para acompanhar o bebê desde os primeiros meses de vida.,,Ideal para bebês a partir de + 2 meses | Material macio e confortável | Estimula desenvolvimento sensorial | Incentiva vínculo afetivo | Leve e fácil de segurar,"Bebês + 2 meses que estão na fase de desenvolvimento sensorial, percepção tátil e construção de vínculo afetivo com objetos macios e seguros.",material=Pelúcia | cor=Azul | genero=Unissex | idade=+ 2 meses | conteudo_caixa=1 boneco de pelúcia Pocoyo | ncm=9503.00.31 | dun=2789648413064-0 | produto_mm=130x200x350 | caixa=6un/1.62kg | peso=0.18kg,ESPECIFICA,https://cardosotoys.com.br/playmi/produtos/boneco-de-pelucia-pocoyo/,(sem fonte),CONFIRMADO,NAO_ENCONTRADO,PENDENTE,
3065,Boneco de Pelúcia e Vinil Pocoyo,playmi,PLAY&COLLECT,,O Boneco de Pelúcia e Vinil Pocoyo combina duas experiências em um único brinquedo: a maciez da pelúcia com a estrutura firme do vinil.,,Combinação de pelúcia macia e vinil resistente | Estimula desenvolvimento sensorial | Incentiva imaginação e faz de conta | Desenvolve coordenação motora fina | Ideal para fase de transição da primeira infância,"Crianças + 12 meses que estão desenvolvendo percepção tátil, coordenação e iniciando brincadeiras mais interativas com personagens.",material=Pelúcia/Vinil | cor=Azul | genero=Unissex | idade=+ 12 meses | conteudo_caixa=1 boneco de pelúcia e vinil Pocoyo | ncm=9503.00.31 | dun=1789648413065-0 | produto_mm=130x200x350 | caixa=4un/2.74kg | peso=0.18kg,ESPECIFICA,https://cardosotoys.com.br/playmi/produtos/boneco-de-pelucia-e-vinil-pocoyo/,(sem fonte),CONFIRMADO,NAO_ENCONTRADO,PENDENTE,
3066,Totokinha Sport Rosa,playmi,PLAY&RIDE,,"A Totokinha Sport Rosa possui design moderno e perfil esportivo, ideal para crianças que já demonstram maior firmeza nos movimentos.",Estimula o equilíbrio | Formas Geométricas | Marcha e chave crec-crec | Porta-malas abre e fecha | Possui buzina,Estimula equilíbrio dinâmico | Desenvolve coordenação motora grossa | Incentiva mobilidade ativa | Fortalece musculatura das pernas | Design esportivo atrativo,Crianças + 18 meses com desenvolvimento motor em evolução.,"material=Plástico | cor=Rosa | genero=Menina | idade=+ 18 meses | conteudo_caixa=1 Totokinha Sport
4 formas geométricas | ncm=9503.00.10 | cst=000 | dun=9789648413066-3 | produto_mm=498x283x316 | caixa=2un/4.96kg | peso=1.24kg",ESPECIFICA,https://cardosotoys.com.br/playmi/produtos/totokinha-sport-rosa/,https://cardosotoys.com.br/playmi/produtos/totokinha-sport-rosa/,CONFIRMADO,CONFIRMADO,PENDENTE,
3067,Totokinha Sport Azul,playmi,PLAY&RIDE,,A Totokinha Sport Azul foi desenvolvida para crianças que já apresentam maior controle corporal e gostam de mobilidade mais ativa.,Estimula o equilíbrio | Formas Geométricas | Marcha e chave crec-crec | Porta-malas abre e fecha | Possui buzina,Desenvolve equilíbrio e coordenação | Incentiva independência | Estimula mobilidade ativa | Fortalece pernas | Ideal para crianças mais ativas,Crianças + 18 meses com maior controle motor.,"material=Plástico | cor=Azul | genero=Menino | idade=+ 18 meses | conteudo_caixa=1 Totokinha Sport
4 formas geométricas | ncm=9503.00.10 | cst=000 | dun=9789648413067-0 | produto_mm=498x283x316 | caixa=2un/4.96kg | peso=1.24kg",ESPECIFICA,https://cardosotoys.com.br/playmi/produtos/totokinha-sport-azul/,https://cardosotoys.com.br/playmi/produtos/totokinha-sport-azul/,CONFIRMADO,CONFIRMADO,PENDENTE,
3068,Totokinha Elly com Boneco,playmi,PLAY&COLLECT,,"A Totokinha Elly com Boneco é um brinquedo completo para a fase dos primeiros passos, unindo mobilidade, aprendizado e o universo encantador da personagem Elly.",Estimula o equilíbrio | Formas Geométricas | Marcha e chave crec-crec | Porta-malas abre e fecha | Possui buzina | Vem com cestinha e boneco,Auxilia no desenvolvimento dos primeiros passos | Estimula coordenação motora grossa e fina | Possui formas geométricas para encaixe | Acompanha boneco de vinil | Incentiva autonomia e equilíbrio | Suporta até 40 kg,"Crianças + 18 meses que estão desenvolvendo mobilidade, equilíbrio e coordenação, explorando movimento ativo aliado ao faz de conta com personagens.","material=Vinil | cor=Rosa | genero=Menina | idade=+ 18 meses | conteudo_caixa=1 Totokinha 
1 cestinha
4 formas geométricas
1 boneco de vinil | ncm=9503.00.10 | dun=9789648413068-7 | produto_mm=510x283x316 | caixa=2un/4.84kg | peso=1.393kg",ESPECIFICA,https://cardosotoys.com.br/playmi/produtos/totokinha-elly-com-boneco/,https://cardosotoys.com.br/playmi/produtos/totokinha-elly-com-boneco/,CONFIRMADO,CONFIRMADO,PENDENTE,
3078,Mipuxa Rosa,tópi,PRIMEIRA INFÂNCIA,,O Mipuxa Rosa é um carrinho didático desenvolvido para acompanhar a fase de descobertas da primeira infância.,,Estimula coordenação motora grossa | Desenvolve coordenação motora fina | Incentiva reconhecimento de formas | Auxilia no desenvolvimento cognitivo | Ideal para primeira infância,"Crianças + 18 meses que estão desenvolvendo habilidades motoras, percepção espacial e aprendizado por meio de atividades didáticas.","material=Plástico | cor=Azul ou Rosa | genero=Unissex | idade=+ 18 meses | conteudo_caixa=1 Mipuxa
4 formas geométricas | ncm=9503.00.80 | cst=000 | dun=2789648413078-7 | produto_mm=312x255x170 | caixa=6un/5.46kg | peso=0.58kg",ESPECIFICA,https://cardosotoys.com.br/topi/produtos/mipuxa-rosa/,(sem fonte),CONFIRMADO,NAO_ENCONTRADO,PENDENTE,
3079,Boneco de Vinil Temático Pocoyo Frankenstein,playmi,PLAY&COLLECT,,,,,,"material=Vinil | cor=Colorido | genero=Unissex | idade=+ 18 meses | conteudo_caixa=1 boneco de vinil Pocoyo temático
1 base de plástico | ncm=9503.00.22 | dun=1789648413079-7 | produto_mm=115x115x190 | caixa=4un/1.48kg | peso=0.191kg",,(sem fonte),(sem fonte),NAO_ENCONTRADO,NAO_ENCONTRADO,PENDENTE,
3080,Boneco de Vinil Temático Pocoyo Príncipe,playmi,PLAY&COLLECT,,"O Boneco de Vinil Temático Pocoyo Príncipe traz uma versão especial do personagem em traje de príncipe, ampliando o universo do faz de conta com fantasia e criatividade.",Base removível,Versão temática diferenciada do personagem | Estimula imaginação e narrativa criativa | Ideal para colecionar | Acompanha base para apoio | Produzido em vinil resistente,"Crianças + 18 meses que gostam de personagens, histórias encantadas e brincadeiras criativas com versões temáticas.","material=Vinil | cor=Colorido | genero=Unissex | idade=+ 18 meses | conteudo_caixa=1 boneco de vinil Pocoyo temático
1 base de plástico | ncm=9503.00.22 | dun=1789648413080-3 | produto_mm=115x115x190 | caixa=4un/1.48kg | peso=0.158kg",ESPECIFICA,https://cardosotoys.com.br/playmi/produtos/boneco-de-vinil-pocoyo-principe/,https://cardosotoys.com.br/playmi/produtos/boneco-de-vinil-pocoyo-principe/,CONFIRMADO,CONFIRMADO,PENDENTE,
3081,Boneco de Vinil Temático Pocoyo Super Herói,playmi,PLAY&COLLECT,,O Boneco de Vinil Temático Pocoyo Super Herói transforma o personagem em um verdadeiro defensor da imaginação.,Base removível,Versão temática Super Herói | Estimula imaginação e histórias de aventura | Ideal para colecionar | Acompanha base para apoio | Produzido em vinil resistente,Crianças + 18 meses que gostam de personagens de super-herói e brincadeiras criativas com temas de ação e aventura.,"material=Vinil | cor=Colorido | genero=Unissex | idade=+ 18 meses | conteudo_caixa=1 boneco de vinil Pocoyo temático
1 base de plástico | ncm=9503.00.22 | dun=1789648413081-0 | produto_mm=115x115x215 | caixa=4un/1.48kg | peso=0.18kg",ESPECIFICA,https://cardosotoys.com.br/playmi/produtos/boneco-de-vinil-pocoyo-super-heroi/,https://cardosotoys.com.br/playmi/produtos/boneco-de-vinil-pocoyo-super-heroi/,CONFIRMADO,CONFIRMADO,PENDENTE,
3082,Fofilhotes Trenzinho,playmi,PLAY&LEARN,,O Fofilhotes Trenzinho foi desenvolvido para acompanhar as primeiras aventuras da criança com segurança segura.,Com boneco de vinil | Possui buzina | Sobe e desce quando anda,,,"material=Plástico/Vinil | cor=Cor diversa | genero=Unissex | idade=+ 18 meses | conteudo_caixa=1 trenzinho
1 animal de vinil | ncm=9503.00.80 | dun=2789648413082-4 | produto_mm=211x168x172 | caixa=6un/4.35kg | peso=0.415kg",ESPECIFICA,https://cardosotoys.com.br/playmi/produtos/fofilhotes-trezinho/,https://cardosotoys.com.br/playmi/produtos/fofilhotes-trezinho/,CONFIRMADO,CONFIRMADO,PENDENTE,
3083,Fofilhotes Trenzinho com Carretinha,playmi,PLAY&LEARN,,O Fofilhotes Trenzinho com Carretinha foi desenvolvido para acompanhar as primeiras aventuras da criança de forma divertida e segura.,Com boneco de vinil | Letras | Possui buzina | Sobe e desce quando anda,,,"material=Plástico/Vinil | cor=Cor diversa | genero=Unissex | idade=+ 18 meses | conteudo_caixa=1 trenzinho
1 animal de vinil
1 carretinha com tampa 
5 letras | ncm=9503.00.80 | dun=1789648413083-4 | produto_mm=408x168x172 | caixa=4un/4.44kg | peso=0.65kg",ESPECIFICA,https://cardosotoys.com.br/playmi/produtos/fofilhotes-trenzinho-com-carretinha/,https://cardosotoys.com.br/playmi/produtos/fofilhotes-trenzinho-com-carretinha/,CONFIRMADO,CONFIRMADO,PENDENTE,
3084,Fofilhotes Ônibus,playmi,PLAY&LEARN,,O Fofilhotes Ônibus foi desenvolvido para transformar a brincadeira em uma viagem cheia de imaginação e descobertas.,Com boneco de vinil | Sobe e desce quando anda,,,"material=Plástico/Vinil | cor=Cor diversa | genero=Unissex | idade=+ 18 meses | conteudo_caixa=1 ônibus
2 animais de vinil | ncm=9503.00.80 | dun=2789648413084-8 | produto_mm=252x157x212 | caixa=6un/5.1kg | peso=0.65kg",ESPECIFICA,https://cardosotoys.com.br/playmi/produtos/fofilhotes-onibus/,https://cardosotoys.com.br/playmi/produtos/fofilhotes-onibus/,CONFIRMADO,CONFIRMADO,PENDENTE,
3085,Fofilhotes Ônibus com Carretinha,playmi,PLAY&LEARN,,O Fofilhotes Ônibus com Carretinha foi criado para transformar a brincadeira em uma jornada cheia de descobertas.,Acompanha blocos | Com boneco de vinil | Sobe e desce quando anda,,"Crianças a partir de 18 meses que estão na fase de exploração ativa, aprendendo a empurrar, puxar, encaixar e criar narrativas simples.","material=Plástico/Vinil | cor=Cor diversa | genero=Unissex | idade=+ 18 meses | conteudo_caixa=1 ônibus
2 animais de vinil
1 carretinha com tampa 
4 blocos de montar | ncm=9503.00.80 | dun=1789648413085-8 | produto_mm=447x164x212 | caixa=4un/5.08kg | peso=0.83kg",ESPECIFICA,https://cardosotoys.com.br/playmi/produtos/fofilhotes-onibus-com-carretinha/,https://cardosotoys.com.br/playmi/produtos/fofilhotes-onibus-com-carretinha/,CONFIRMADO,CONFIRMADO,PENDENTE,
3086,Fofilhotes Jipinho,playmi,PLAY&LEARN,,O Fofilhotes Jipinho foi criado para acompanhar as primeiras descobertas da infância com estímulo e segurança.,Com boneco de vinil | Possui buzina | Sobe e desce quando anda,,Crianças a partir de 18 meses que estão desenvolvendo controle motor e iniciando interações imaginativas.,"material=Plástico/Vinil | cor=Cor diversa | genero=Unissex | idade=+ 18 meses | conteudo_caixa=1 jipinho
1 animal de vinil | ncm=9503.00.80 | dun=2789648413086-2 | produto_mm=208x168x172 | caixa=6un/4.41kg | peso=0.425kg",ESPECIFICA,https://cardosotoys.com.br/playmi/produtos/fofilhotes-jipinho/,https://cardosotoys.com.br/playmi/produtos/fofilhotes-jipinho/,CONFIRMADO,CONFIRMADO,PENDENTE,
3087,Fofilhotes Jipinho com Carretinha,playmi,PLAY&LEARN,,O Fofilhotes Jipinho com Carretinha amplia a experiência da primeira infância com mais interação e aprendizado.,Com boneco de vinil | Formas Geométricas | Números | Possui buzina | Sobe e desce quando anda,,"Crianças a partir de 18 meses que estão na fase de explorar movimento, encaixes e relações simples de causa e efeito.","material=Plástico/Vinil | cor=Cor diversa | genero=Unissex | idade=+ 18 meses | conteudo_caixa=1 jipinho
1 animal de vinil
1 carretinha com tampa 
4 formas geométricas | ncm=9503.00.80 | dun=1789648413087-2 | produto_mm=405x168x172 | caixa=4un/4.46kg | peso=0.655kg",ESPECIFICA,https://cardosotoys.com.br/playmi/produtos/fofilhotes-jipinho-com-carretinha/,https://cardosotoys.com.br/playmi/produtos/fofilhotes-jipinho-com-carretinha/,CONFIRMADO,CONFIRMADO,PENDENTE,
3088,Fofilhotes Tratorzinho,playmi,PLAY&LEARN,,O Fofilhotes Tratorzinho leva a imaginação da primeira infância para um universo de descobertas e movimento.,Com boneco de vinil | Possui buzina | Sobe e desce quando anda,,Crianças a partir de 18 meses que estão desenvolvendo controle motor e iniciando brincadeiras imaginativas.,"material=Plástico/Vinil | cor=Cor diversa | genero=Unissex | idade=+ 18 meses | conteudo_caixa=1 tratorzinho
1 animal de vinil | ncm=9503.00.80 | dun=2789648413088--6 | produto_mm=218x168x172 | caixa=6un/4.35kg | peso=0.415kg",ESPECIFICA,https://cardosotoys.com.br/playmi/produtos/fofilhotes-tratorzinho/,https://cardosotoys.com.br/playmi/produtos/fofilhotes-tratorzinho/,CONFIRMADO,CONFIRMADO,PENDENTE,
3089,Fofilhotes Tratorzinho com Carretinha,playmi,PLAY&LEARN,,O Fofilhotes Tratorzinho com Carretinha transforma a brincadeira em uma experiência ainda mais completa na primeira infância.,Com boneco de vinil | Números | Possui buzina | Sobe e desce quando anda,,Crianças a partir de 18 meses em fase de desenvolvimento motor e início de interações simbólicas.,"material=Plástico/Vinil | cor=Cor diversa | genero=Unissex | idade=+ 18 meses | conteudo_caixa=1 tratorzinho
1 animal de vinil
1 carretinha com tampa 
5 números | ncm=9503.00.80 | dun=1789648413089-6 | produto_mm=415x168x172 | caixa=4un/4.44kg | peso=0.65kg",ESPECIFICA,https://cardosotoys.com.br/playmi/produtos/fofilhotes-tratorzinho-com-carretinha/,https://cardosotoys.com.br/playmi/produtos/fofilhotes-tratorzinho-com-carretinha/,CONFIRMADO,CONFIRMADO,PENDENTE,
3090,Fofilhotes Cavalinho,playmi,PLAY&LEARN,,"O Fofilhotes Cavalinho é um brinquedo leve, macio e perfeito para acompanhar a criança nos primeiros momentos de descoberta.",Medida aproximada – 11cm | Para brincar no banho,,Crianças a partir de 18 meses que estão desenvolvendo habilidades motoras e explorando diferentes texturas e ambientes.,material=Vinil | cor=Marrom | genero=Unissex | idade=+ 18 meses | conteudo_caixa=1 animal de vinil | ncm=9503.00.39 | dun=2789648413090-9 | produto_mm=83x75x115 | caixa=6un/0.858kg | peso=0.07kg,ESPECIFICA,https://cardosotoys.com.br/playmi/produtos/fofilhotes-cavalinho/,https://cardosotoys.com.br/playmi/produtos/fofilhotes-cavalinho/,CONFIRMADO,CONFIRMADO,PENDENTE,
3091,Fofilhotes Girafinha,playmi,PLAY&LEARN,,A Fofilhotes Girafinha foi desenvolvida para tornar os primeiros momentos de descoberta ainda mais especiais.,Medida aproximada – 11cm | Para brincar no banho,,"Crianças a partir de 18 meses que estão explorando novas texturas, movimentos e interações sensoriais.",material=Vinil | cor=Amarelo | genero=Unissex | idade=+ 18 meses | conteudo_caixa=1 animal de vinil | ncm=9503.00.39 | dun=2789648413091-6 | produto_mm=83x75x115 | caixa=6un/0.84kg | peso=0.067kg,ESPECIFICA,https://cardosotoys.com.br/playmi/produtos/fofilhotes-girafinha/,https://cardosotoys.com.br/playmi/produtos/fofilhotes-girafinha/,CONFIRMADO,CONFIRMADO,PENDENTE,
3092,Fofilhotes Hipopótamo,playmi,PLAY&LEARN,,O Fofilhotes Hipopótamo é perfeito para tornar os primeiros momentos de aprendizado ainda mais divertidos.,Medida aproximada – 11cm | Para brincar no banho,,Crianças a partir de 18 meses que estão desenvolvendo habilidades motoras e explorando novas texturas.,material=Vinil | cor=Cinza/Rosa | genero=Unissex | idade=+ 18 meses | conteudo_caixa=1 animal de vinil | ncm=9503.00.39 | dun=2789648413092-3 | produto_mm=83x75x115 | caixa=6un/0.84kg | peso=0.067kg,ESPECIFICA,https://cardosotoys.com.br/playmi/produtos/fofilhotes-hipopotamo/,https://cardosotoys.com.br/playmi/produtos/fofilhotes-hipopotamo/,CONFIRMADO,CONFIRMADO,PENDENTE,
3093,Fofilhotes Leãozinho,playmi,PLAY&LEARN,,O Fofilhotes Leãozinho traz a energia e a diversão da selva para a primeira infância.,Medida aproximada – 11cm | Para brincar no banho,,Crianças a partir de 18 meses que estão desenvolvendo habilidades motoras e explorando novas experiências sensoriais.,material=Vinil | cor=Amarelo | genero=Unissex | idade=+ 18 meses | conteudo_caixa=1 animal de vinil | ncm=9503.00.39 | dun=2789648413093-0 | produto_mm=83x75x115 | caixa=6un/0.918kg | peso=0.08kg,ESPECIFICA,https://cardosotoys.com.br/playmi/produtos/fofilhotes-leaozinho/,https://cardosotoys.com.br/playmi/produtos/fofilhotes-leaozinho/,CONFIRMADO,CONFIRMADO,PENDENTE,
3094,Fofilhotes Tigre,playmi,PLAY&LEARN,,O Fofilhotes Tigre é perfeito para despertar a imaginação e acompanhar a criança nas primeiras aventuras da infância.,Medida aproximada – 11cm | Para brincar no banho,,Crianças a partir de 18 meses que estão desenvolvendo habilidades motoras e explorando novas experiências sensoriais.,material=Vinil | cor=Laranja | genero=Unissex | idade=+ 18 meses | conteudo_caixa=1 animal de vinil | ncm=9503.00.39 | dun=2789648413094-7 | produto_mm=83x75x115 | caixa=6un/0.84kg | peso=0.067kg,ESPECIFICA,https://cardosotoys.com.br/playmi/produtos/fofilhotes-tigre/,https://cardosotoys.com.br/playmi/produtos/fofilhotes-tigre/,CONFIRMADO,CONFIRMADO,PENDENTE,
3095,Fofilhotes Hipopótamo Rosa,playmi,PLAY&LEARN,,O Fofilhotes Hipopótamo Rosa foi desenvolvido para tornar os primeiros momentos de aprendizado ainda mais delicados e divertidos.,Medida aproximada – 11cm | Para brincar no banho,,Crianças a partir de 18 meses que estão desenvolvendo habilidades motoras e explorando novas experiências sensoriais.,material=Vinil | cor=Cinza/Rosa | genero=Unissex | idade=+ 18 meses | conteudo_caixa=1 animal de vinil | ncm=9503.00.39 | dun=2789648413095-4 | produto_mm=83x75x115 | caixa=6un/0.84kg | peso=0.067kg,ESPECIFICA,https://cardosotoys.com.br/playmi/produtos/fofilhotes-hipopotamo-rosa/,https://cardosotoys.com.br/playmi/produtos/fofilhotes-hipopotamo-rosa/,CONFIRMADO,CONFIRMADO,PENDENTE,
3096,Totokinha Disney Ariel,playmi,PLAY&COLLECT,,A Totokinha Disney Ariel transforma a fase dos primeiros passos em uma experiência encantadora ao lado de uma das princesas mais amadas do universo Disney.,Estimula o equilíbrio | Formas Geométricas | Marcha e chave crec-crec | Porta-malas abre e fecha | Possui buzina,Auxilia no desenvolvimento dos primeiros passos | Estimula coordenação motora grossa e fina | Possui formas geométricas para encaixe | Acompanha boneco de vinil | Suporta até 40 kg | Produto licenciado Disney,"Crianças + 18 meses que estão desenvolvendo mobilidade, equilíbrio e coordenação, explorando movimento ativo com personagens Disney.","material=Plástico/Vinil | cor=Rosa | genero=Menina | idade=+ 18 meses | conteudo_caixa=1 Totokinha 
4 formas geométricas
1 boneco de vinil | ncm=9503.00.10 | cst=500 | dun=9789648413096-0 | produto_mm=510x283x316 | caixa=2un/4.84kg | peso=1.393kg",ESPECIFICA,https://cardosotoys.com.br/playmi/produtos/totokinha-disney-ariel/,https://cardosotoys.com.br/playmi/produtos/totokinha-disney-ariel/,CONFIRMADO,CONFIRMADO,PENDENTE,
3097,Mileva Disney Ariel,playmi,PLAY&COLLECT,,A Mileva Disney Ariel é um carrinho de puxar encantador que leva a magia da princesa Ariel para as brincadeiras ao ar livre.,Acompanha pá e rastelo | Acompanha peças temáticas | Haste retrátil,Estimula coordenação motora grossa | Incentiva autonomia e movimento | Ideal para brincadeiras ao ar livre | Acompanha 3 forminhas temáticas | Produto licenciado Disney,Crianças + 18 meses que estão desenvolvendo mobilidade e gostam de brincadeiras externas com personagens Disney.,"material=Plástico | cor=Rosa | genero=Menina | idade=+ 18 meses | conteudo_caixa=1 Carrinho de puxar Mileva 
3 forminhas temáticas | ncm=9503.00.80 | dun=2789648413097-8 | produto_mm=312x255x170 | caixa=6un/5.202kg | peso=0.58kg",ESPECIFICA,https://cardosotoys.com.br/playmi/produtos/mileva-disney-ariel/,https://cardosotoys.com.br/playmi/produtos/mileva-disney-ariel/,CONFIRMADO,CONFIRMADO,PENDENTE,
3098,Totokinha Marvel Spidey,playmi,PLAY&COLLECT,,A Totokinha Marvel Spidey transforma os primeiros passos em uma aventura cheia de ação ao lado do herói favorito das crianças.,Estimula o equilíbrio | Formas Geométricas | Marcha e chave crec-crec | Porta-malas abre e fecha | Possui buzina,Auxilia no desenvolvimento dos primeiros passos | Estimula coordenação motora grossa e fina | Possui formas geométricas para encaixe | Acompanha boneco de vinil do Spidey | Suporta até 40 kg | Produto licenciado Marvel,"Crianças + 18 meses que estão desenvolvendo mobilidade e equilíbrio, explorando movimento ativo com personagens do universo Marvel.","material=Plástico | cor=Vermelho | genero=Menino | idade=+ 18 meses | conteudo_caixa=1 Totokinha 
4 formas geométricas
1 boneco de vinil | ncm=9503.00.10 | cst=500 | dun=9789648413098-4 | produto_mm=510x283x316 | caixa=2un/4.84kg | peso=1.393kg",ESPECIFICA,https://cardosotoys.com.br/playmi/produtos/totokinha-marvel-spidey/,https://cardosotoys.com.br/playmi/produtos/totokinha-marvel-spidey/,CONFIRMADO,CONFIRMADO,PENDENTE,
3099,Mileva Marvel Spidey,playmi,PLAY&COLLECT,,A Mileva Marvel Spidey é o carrinho de puxar ideal para pequenas aventuras cheias de movimento.,Acompanha pá e rastelo | Acompanha peças temáticas | Haste retrátil,Estimula coordenação motora grossa | Incentiva autonomia e movimento | Ideal para brincadeiras ao ar livre | Acompanha 3 forminhas temáticas | Produto licenciado Marvel,Crianças + 18 meses que estão desenvolvendo mobilidade e gostam de personagens de ação em brincadeiras externas.,"material=Plástico | cor=Vermelho | genero=Menino | idade=+ 18 meses | conteudo_caixa=1 Carrinho de puxar Mileva 
3 forminhas temáticas | ncm=9503.00.39 | dun=2789648413099-2 | produto_mm=312x255x170 | caixa=6un/5.202kg | peso=0.58kg",ESPECIFICA,https://cardosotoys.com.br/playmi/produtos/mileva-marvel-spidey/,https://cardosotoys.com.br/playmi/produtos/mileva-marvel-spidey/,CONFIRMADO,CONFIRMADO,PENDENTE,
3100,Little Figs Disney Stitch,playmi,PLAY&COLLECT,,O Little Figs Disney Stitch traz um conjunto encantador com 5 miniaturas em vinil inspiradas no personagem mais divertido da Disney.,Dedoches | Medida aproximada – 6cm,Conjunto com 5 miniaturas em vinil | Estimula imaginação e narrativa criativa | Desenvolve coordenação motora fina | Ideal para brincar e colecionar | Produto licenciado Disney,Crianças + 3 anos que gostam de personagens Disney e desejam criar aventuras cheias de criatividade com Stitch.,material=Vinil | cor=Colorido | genero=Unissex | idade=+ 3 anos | conteudo_caixa=5 Miniaturas de vinil Stitch | ncm=9503.00.80 | dun=2789648413100-5 | produto_mm=280x62x190 | caixa=6un/1.77kg | peso=0.04kg,ESPECIFICA,https://cardosotoys.com.br/playmi/produtos/miniaturas-disney-stitch-vinil/,https://cardosotoys.com.br/playmi/produtos/miniaturas-disney-stitch-vinil/,CONFIRMADO,CONFIRMADO,PENDENTE,
3101,Little Figs O Show da Luna,playmi,PLAY&COLLECT,,O Little Figs O Show da Luna traz um conjunto com 5 miniaturas em vinil inspiradas na série que desperta a curiosidade e o espírito científico das crianças.,Dedoches | Medida aproximada – 6cm,Conjunto com 5 miniaturas em vinil | Estimula imaginação e curiosidade | Desenvolve coordenação motora fina | Ideal para brincar e colecionar | Inspirado em série infantil educativa,Crianças + 3 anos que gostam de personagens educativos e desejam criar histórias cheias de descobertas e aventuras.,material=Vinil | cor=Colorido | genero=Unissex | idade=+ 3 anos | conteudo_caixa=5 Miniaturas de vinil O Show da Luna | ncm=9503.00.80 | dun=2789648413101-2 | produto_mm=245x60x170 | caixa=6un/1.392kg | peso=0.04kg,ESPECIFICA,https://cardosotoys.com.br/playmi/produtos/miniaturas-o-show-da-luna-em-vinil/,https://cardosotoys.com.br/playmi/produtos/miniaturas-o-show-da-luna-em-vinil/,CONFIRMADO,CONFIRMADO,PENDENTE,
3102,Boneca Luna - O Show da Luna,playmi,PLAY&COLLECT,,A Boneca Luna – O Show da Luna traz a personagem curiosa e cheia de energia da série infantil para momentos de brincadeira e imaginação.,Colecionável | Medida aproximada – 20cm,Boneca licenciada O Show da Luna | Acompanha 2 vestidos de vinil | Estimula imaginação e faz de conta | Desenvolve coordenação motora fina | Ideal para brincar e colecionar,Crianças + 18 meses que gostam de personagens educativos e desejam criar histórias e aventuras inspiradas na série O Show da Luna.,"material=Vinil | cor=Colorido | genero=Menina | idade=+ 18 meses | conteudo_caixa=1 Boneca de vinil
2 vestidos de vinil | ncm=9503.00.22 | dun=2789648413102-9 | produto_mm=117x70x190 | caixa=6un/2.268kg | peso=0.119kg",ESPECIFICA,https://cardosotoys.com.br/playmi/produtos/oneca-luna-o-show-da-luna/,https://cardosotoys.com.br/playmi/produtos/oneca-luna-o-show-da-luna/,CONFIRMADO,CONFIRMADO,PENDENTE,
3103,Little Figs Marvel Spidey,playmi,PLAY&COLLECT,,O Little Figs Marvel Spidey traz um conjunto com 5 miniaturas em vinil inspiradas no universo do herói favorito das crianças.,Dedoches | Medida aproximada – 6cm,Conjunto com 5 miniaturas em vinil | Estimula imaginação e criação de histórias | Desenvolve coordenação motora fina | Ideal para brincar e colecionar | Produto licenciado Marvel,Crianças + 3 anos que gostam de super-heróis e desejam criar aventuras cheias de ação com personagens do universo Marvel.,material=Vinil | cor=Colorido | genero=Unissex | idade=+ 3 anos | conteudo_caixa=5 Miniaturas de vinil Spidey | ncm=9503.00.80 | dun=2789648413103-6 | produto_mm=245x60x170 | caixa=6un/1.308kg | peso=0.04kg,ESPECIFICA,https://cardosotoys.com.br/playmi/produtos/miniaturas-marvel-spidey-em-vinil/,https://cardosotoys.com.br/playmi/produtos/miniaturas-marvel-spidey-em-vinil/,CONFIRMADO,CONFIRMADO,PENDENTE,
3104,Little Figs Galinha Pintadinha Temática,playmi,PLAY&COLLECT,,As Miniaturas Galinha Pintadinha Temática trazem versões especiais dos personagens que encantam crianças em todo o Brasil.,Dedoches | Medida aproximada – 6cm,Conjunto com 5 miniaturas temáticas | Estimula imaginação e criação de histórias | Desenvolve coordenação motora fina | Ideal para brincar e colecionar | Produzido em vinil resistente,Crianças + 3 anos que gostam de personagens musicais e versões temáticas para criar novas histórias e aventuras.,material=Vinil | cor=Colorido | genero=Unissex | idade=+ 3 anos | conteudo_caixa=5 Miniaturas temáticas de vinil Galinha Pintadinha | ncm=9503.00.80 | dun=2789648413104-3 | produto_mm=245x60x170 | caixa=6un/1.392kg | peso=0.4kg,ESPECIFICA,https://cardosotoys.com.br/playmi/produtos/miniaturas-galinha-pintadinha-tematica/,https://cardosotoys.com.br/playmi/produtos/miniaturas-galinha-pintadinha-tematica/,CONFIRMADO,CONFIRMADO,PENDENTE,
3105,Little Figs Os Smurfs,playmi,PLAY&COLLECT,,O Little Figs Os Smurfs reúne um conjunto com 5 miniaturas em vinil inspiradas nos personagens clássicos que atravessam gerações.,Colecionável | Dedoches | Medida aproximada – 6cm,Conjunto com 5 miniaturas em vinil | Estimula imaginação e narrativa criativa | Desenvolve coordenação motora fina | Ideal para brincar e colecionar | Personagens clássicos que atravessam gerações,Crianças + 3 anos que gostam de personagens animados e desejam criar histórias cheias de aventura e fantasia.,material=Vinil | cor=Colorido | genero=Unissex | idade=+ 3 anos | conteudo_caixa=5 Miniaturas de vinil Os Smurfs | ncm=9503.00.80 | dun=2789648413105-0 | produto_mm=280x62x190 | caixa=6un/1.77kg | peso=0.119kg,ESPECIFICA,https://cardosotoys.com.br/playmi/produtos/miniaturas-os-smurfs-em-vinil/,https://cardosotoys.com.br/playmi/produtos/miniaturas-os-smurfs-em-vinil/,CONFIRMADO,CONFIRMADO,PENDENTE,
3106,Boneco de Vinil Os Smurfs - Smurf,playmi,PLAY&COLLECT,,O Boneco de Vinil Os Smurfs – Smurf traz o personagem clássico da famosa vila azul em uma versão ideal para a primeira infância.,Colecionável | Medida aproximada – 15cm | Para brincar no banho,Personagem clássico Os Smurfs | Produzido em vinil resistente | Estimula imaginação e criatividade | Desenvolve coordenação motora fina | Ideal para brincar e colecionar,Crianças + 18 meses que gostam de personagens animados e desejam criar histórias cheias de fantasia e aventura.,material=Vinil | cor=Colorido | genero=Unissex | idade=+ 18 meses | conteudo_caixa=1 Boneco de vinil | ncm=9503.00.22 | dun=2789648413106-7 | produto_mm=117x70x190 | caixa=6un/1.21kg | peso=0.119kg,ESPECIFICA,https://cardosotoys.com.br/playmi/produtos/boneco-de-vinil-smurf-os-smurfs/,https://cardosotoys.com.br/playmi/produtos/boneco-de-vinil-smurf-os-smurfs/,CONFIRMADO,CONFIRMADO,PENDENTE,
3107,Boneco de Vinil Os Smurfs - Papai Smurf,playmi,PLAY&COLLECT,,O Boneco de Vinil Os Smurfs – Papai Smurf traz o líder da vila azul em uma versão ideal para a primeira infância.,Colecionável | Medida aproximada – 15cm | Para brincar no banho,Personagem clássico Papai Smurf | Produzido em vinil resistente | Estimula imaginação e narrativa criativa | Desenvolve coordenação motora fina | Ideal para brincar e colecionar,Crianças + 18 meses que gostam de personagens animados e desejam criar histórias cheias de fantasia e aventura.,material=Vinil | cor=Colorido | genero=Unissex | idade=+ 18 meses | conteudo_caixa=1 Boneco de vinil | ncm=9503.00.22 | dun=2789648413107-4 | produto_mm=700x650x140 | caixa=6un/1.21kg | peso=0.094kg,ESPECIFICA,https://cardosotoys.com.br/playmi/produtos/boneco-de-vinil-papai-smurf/,https://cardosotoys.com.br/playmi/produtos/boneco-de-vinil-papai-smurf/,CONFIRMADO,CONFIRMADO,PENDENTE,
3108,Boneco de Vinil Os Smurfs - Smurfette,playmi,PLAY&COLLECT,,O Boneco de Vinil Os Smurfs – Smurfette traz a personagem feminina mais icônica da vila azul em uma versão perfeita para a primeira infância.,Colecionável | Medida aproximada – 15cm | Para brincar no banho,Personagem clássica Smurfette | Produzido em vinil resistente | Estimula imaginação e criatividade | Desenvolve coordenação motora fina | Ideal para brincar e colecionar,Crianças + 18 meses que gostam de personagens animados e desejam criar histórias cheias de aventura e fantasia.,material=Vinil | cor=Colorido | genero=Unissex | idade=+ 18 meses | conteudo_caixa=1 Boneco de vinil | ncm=9503.00.22 | dun=2789648413108-1 | produto_mm=700x650x140 | caixa=6un/1.21kg | peso=0.098kg,ESPECIFICA,https://cardosotoys.com.br/playmi/produtos/boneco-de-vinil-smurfette/,https://cardosotoys.com.br/playmi/produtos/boneco-de-vinil-smurfette/,CONFIRMADO,CONFIRMADO,PENDENTE,
3112,Totokinha Galinha Pintadinha Mini,playmi,PLAY&COLLECT,,"A Totokinha Galinha Pintadinha Mini é perfeita para a fase dos primeiros passos, unindo mobilidade, aprendizado e o universo da personagem mais querida do Brasil.",Acompanha cesto e boneco | Estimula o equilíbrio | Formas Geométricas | Marcha e chave crec-crec | Porta-malas abre e fecha | Possui buzina,Auxilia no desenvolvimento dos primeiros passos | Estimula coordenação motora grossa e fina | Possui formas geométricas para encaixe | Acompanha boneco de vinil | Incentiva autonomia e equilíbrio | Suporta até 40 kg,"Crianças + 18 meses que estão desenvolvendo mobilidade, equilíbrio e coordenação, explorando movimento ativo aliado ao universo da Galinha Pintadinha.","material=Plástico/Vinil | cor=Azul | genero=Unissex | idade=+ 18 meses | conteudo_caixa=1 Totokinha 
4 formas geométricas
1 boneco de vinil | ncm=9503.00.10 | cst=500 | dun=9789648413112-7 | produto_mm=510x283x316 | caixa=2un/4.84kg | peso=1.393kg",ESPECIFICA,https://cardosotoys.com.br/playmi/produtos/totokinha-galinha-pintadinha-mini/,https://cardosotoys.com.br/playmi/produtos/totokinha-galinha-pintadinha-mini/,CONFIRMADO,CONFIRMADO,PENDENTE,
3113,Little Figs Bluey,playmi,PLAY&COLLECT,,O Little Figs Bluey traz um conjunto com 5 miniaturas em vinil inspiradas na série infantil que conquistou crianças e famílias em todo o mundo.,,Conjunto com 5 miniaturas em vinil | Estimula imaginação e narrativa criativa | Desenvolve coordenação motora fina | Ideal para brincar e colecionar | Inspirado na série infantil Bluey,Crianças + 3 anos que gostam de personagens animados e desejam criar histórias cheias de aventura e criatividade.,material=Vinil | cor=Colorido | genero=Unissex | idade=+ 3 anos | conteudo_caixa=5 Little Figs Bluey | ncm=9503.00.80 | dun=27896484131135 | produto_mm=280x62x190 | caixa=6un/1.77kg | peso=0.04kg,ESPECIFICA,https://cardosotoys.com.br/playmi/produtos/miniaturas-bluey-em-vinil/,(sem fonte),CONFIRMADO,NAO_ENCONTRADO,PENDENTE,
3115,Boneca Luna Joaninha - O Show da Luna,playmi,PLAY&COLLECT,,A Boneca Luna Joaninha – O Show da Luna traz uma versão especial e temática da personagem mais curiosa da animação infantil.,Colecionável | Medida aproximada – 20cm,Versão temática Joaninha | Acompanha 2 vestidos de vinil | Estimula imaginação e troca de figurino | Desenvolve coordenação motora fina | Ideal para brincar e colecionar,Crianças + 18 meses que gostam de personagens educativos e versões temáticas para criar histórias ainda mais criativas.,"material=Vinil | cor=Colorido | genero=Menina | idade=+ 18 meses | conteudo_caixa=1 Boneca de vinil
2 vestidos de vinil | ncm=9503.00.22 | dun=2789648413115-9 | produto_mm=117x70x190 | caixa=6un/2.268kg | peso=0.119kg",ESPECIFICA,https://cardosotoys.com.br/playmi/produtos/boneca-luna-joaninha-o-show-da-luna/,https://cardosotoys.com.br/playmi/produtos/boneca-luna-joaninha-o-show-da-luna/,CONFIRMADO,CONFIRMADO,PENDENTE,
3116,Boneca Luna Melancia - O Show da Luna,playmi,PLAY&COLLECT,,A Boneca Luna Melancia – O Show da Luna apresenta uma versão temática divertida e cheia de personalidade da personagem que desperta curiosidade e imaginação nas crianças.,Colecionável | Medida aproximada – 20cm,Versão temática Melancia | Acompanha 2 vestidos de vinil | Estimula imaginação e troca de figurino | Desenvolve coordenação motora fina | Ideal para brincar e colecionar,Crianças + 18 meses que gostam de personagens educativos e versões temáticas para criar histórias ainda mais criativas.,"material=Vinil | cor=Colorido | genero=Menina | idade=+ 18 meses | conteudo_caixa=1 Boneca de vinil
2 vestidos de vinil | ncm=9503.00.22 | dun=2789648413116-6 | produto_mm=117x70x190 | caixa=6un/2.268kg | peso=0.119kg",ESPECIFICA,https://cardosotoys.com.br/playmi/produtos/boneca-luna-melancia-o-show-da-luna/,https://cardosotoys.com.br/playmi/produtos/boneca-luna-melancia-o-show-da-luna/,CONFIRMADO,CONFIRMADO,PENDENTE,
3117,Little Figs Disney Toy Story,playmi,PLAY&COLLECT,,O Little Figs Disney Toy Story traz um conjunto com 5 miniaturas em vinil inspiradas nos personagens de uma das franquias mais amadas da Disney.,,Conjunto com 5 miniaturas em vinil | Estimula imaginação e narrativa criativa | Desenvolve coordenação motora fina | Ideal para brincar e colecionar | Produto licenciado Disney Toy Story,Crianças + 3 anos que gostam dos personagens de Toy Story e desejam criar histórias cheias de aventura e diversão.,material=Vinil | cor=Colorido | genero=Unissex | idade=+ 3 Anos | conteudo_caixa=5 Miniaturas de vinil Toy Store | ncm=9503.00.80 | dun=2789648413117-3 | produto_mm=280x62x190 | caixa=6un/1.14kg | peso=0.19kg,ESPECIFICA,https://cardosotoys.com.br/playmi/produtos/miniaturas-disney-toy-story-em-vinil/,(sem fonte),CONFIRMADO,NAO_ENCONTRADO,PENDENTE,
3118,Boneco de Banho com Esguicho Disney Mickey,playmi,PLAY&COLLECT,,O Boneco de Banho com Esguicho Disney Mickey transforma o momento do banho em uma experiência divertida e estimulante para os pequenos.,Medida aproximada - 13cm | Para brincar no banho,Ideal para tornar o banho mais divertido | Possui esguicho para interação com água | Estimula coordenação motora e percepção sensorial | Produzido em vinil | Produto licenciado Disney,Bebês + 9 meses que estão desenvolvendo habilidades motoras e sensoriais e precisam de estímulos lúdicos durante o momento do banho.,material=vinil | cor=Colorido | genero=Unissex | idade=+ 9 meses | conteudo_caixa=1 Boneco de vinil com esguicho | ncm=9503.00.80 | dun=2789648413118-0 | produto_mm=80x69x130 | caixa=6un/1.344kg | peso=0.175kg,ESPECIFICA,https://cardosotoys.com.br/playmi/produtos/boneco-de-banho-disney-mickey-com-esguicho/,https://cardosotoys.com.br/playmi/produtos/boneco-de-banho-disney-mickey-com-esguicho/,CONFIRMADO,CONFIRMADO,PENDENTE,
3119,Boneco de Banho com Esguicho Disney Minnie,playmi,PLAY&COLLECT,,O Boneco de Banho com Esguicho Disney Minnie transforma o momento do banho em uma experiência lúdica e cheia de diversão.,Medida aproximada - 13cm | Para brincar no banho,Ideal para tornar o banho mais divertido | Possui esguicho para interação com água | Estimula coordenação motora e percepção sensorial | Produzido em vinil | Produto licenciado Disney,Bebês + 9 meses que estão desenvolvendo habilidades motoras e sensoriais e precisam de estímulos lúdicos durante o momento do banho.,material=vinil | cor=Colorido | genero=Unissex | idade=+ 9 meses | conteudo_caixa=1 Boneco de vinil com esguicho | ncm=9503.00.80 | dun=2789648413119-7 | produto_mm=80x69x138 | caixa=6un/1.356kg | peso=0.177kg,ESPECIFICA,https://cardosotoys.com.br/playmi/produtos/boneco-de-banho-disney-minnie-com-esguicho/,https://cardosotoys.com.br/playmi/produtos/boneco-de-banho-disney-minnie-com-esguicho/,CONFIRMADO,CONFIRMADO,PENDENTE,
3120,Boneco de Banho com Esguicho Disney Buzz Lightyear,playmi,PLAY&COLLECT,,O Boneco de Banho com Esguicho Disney Buzz Lightyear leva a diversão de Toy Story para o momento do banho.,Medida aproximada - 13cm | Para brincar no banho,Ideal para tornar o banho mais divertido | Possui esguicho para interação com água | Estimula coordenação motora e percepção sensorial | Produzido em vinil | Produto licenciado Disney Pixar,Bebês + 9 meses que estão desenvolvendo habilidades motoras e sensoriais e precisam de estímulos lúdicos durante o momento do banho.,material=vinil | cor=Colorido | genero=Unissex | idade=+ 9 meses | conteudo_caixa=1 Boneco de vinil com esguicho | ncm=9503.00.80 | dun=2789648413120-3 | produto_mm=84x60x130 | caixa=6un/1.416kg | peso=0.187kg,ESPECIFICA,https://cardosotoys.com.br/playmi/produtos/boneco-de-banho-disney-buzz-lightyear-com-esguicho/,https://cardosotoys.com.br/playmi/produtos/boneco-de-banho-disney-buzz-lightyear-com-esguicho/,CONFIRMADO,CONFIRMADO,PENDENTE,
3121,Boneco de Banho com Esguicho Disney Woody,playmi,PLAY&COLLECT,,O Boneco de Banho com Esguicho Disney Woody transforma o momento do banho em diversão garantida.,Medida aproximada - 13cm | Para brincar no banho,Ideal para brincadeiras no banho | Estimula coordenação motora | Desenvolve percepção sensorial | Fácil de manusear | Personagem Disney querido pelas crianças,"Crianças + 9 meses que estão desenvolvendo habilidades motoras e sensoriais, tornando o momento do banho mais interativo e divertido.",material=vinil | cor=Colorido | genero=Unissex | idade=+ 9 meses | conteudo_caixa=1 Boneco de vinil com esguicho | ncm=9503.00.80 | dun=2789648413121-0 | produto_mm=65x69x130 | caixa=6un/1.236kg | peso=0.157kg,ESPECIFICA,https://cardosotoys.com.br/playmi/produtos/boneco-de-banho-com-esguicho-disney-woody/,https://cardosotoys.com.br/playmi/produtos/boneco-de-banho-com-esguicho-disney-woody/,CONFIRMADO,CONFIRMADO,PENDENTE,
3122,Little Figs Galinha Pintadinha O Filme,playmi,PLAY&COLLECT,,O Little Figs Galinha Pintadinha – O Filme traz um conjunto com 5 miniaturas dedoches em vinil inspiradas nos personagens que embalam a infância de gerações.,Colecionável | Dedoches,Conjunto com 5 miniaturas dedoches em vinil | Estimula a imaginação e a narrativa criativa | Desenvolve a coordenação motora fina | Favorece a linguagem e a expressão oral | Ideal para brincar e colecionar,"Crianças a partir de 3 anos que amam a Galinha Pintadinha e gostam de brincar de faz de conta, contar histórias e colecionar seus personagens favoritos.",material=Vinil | cor=Colorido | genero=Unissex | idade=+ 3 anos | conteudo_caixa=5Little Figs Galinha Pintadinha O filme | produto_mm=280x62x190 | caixa=6un/1.77kg | peso=0.04kg,ESPECIFICA,https://cardosotoys.com.br/playmi/produtos/little-figs-galinha-pintadinha-o-filme/,https://cardosotoys.com.br/playmi/produtos/little-figs-galinha-pintadinha-o-filme/,CONFIRMADO,CONFIRMADO,PENDENTE,
3123,Totokinha Bluey,playmi,PLAY&COLLECT,,A Totokinha Bluey é perfeita para acompanhar a fase dos primeiros passos com o carisma da personagem que conquistou famílias no mundo todo.,,Auxilia no desenvolvimento dos primeiros passos | Estimula coordenação motora grossa | Possui 4 formas geométricas para encaixe | Desenvolve coordenação motora fina | Suporta até 40 kg | Inspirado na série Bluey,"Crianças + 18 meses que estão desenvolvendo mobilidade e equilíbrio, explorando autonomia e movimento ativo com personagens infantis.","material=Plástico | cor=Azul | genero=Unissex | idade=+ 18 meses | conteudo_caixa=1 Totokinha 
4 formas geométricas | produto_mm=510x283x316 | caixa=2un/4.84kg | peso=1.393kg",ESPECIFICA,https://cardosotoys.com.br/playmi/produtos/totokinha-bluey/,(sem fonte),CONFIRMADO,NAO_ENCONTRADO,PENDENTE,
3124,Totokinha Disney Princesas,playmi,PLAY&COLLECT,,A Totokinha Princesas é perfeita para acompanhar a fase dos primeiros passos com um toque de encanto e imaginação.,,Auxilia no desenvolvimento dos primeiros passos | Estimula coordenação motora grossa | Possui 4 formas geométricas para encaixe | Desenvolve coordenação motora fina | Suporta até 40 kg,"Crianças + 18 meses que estão desenvolvendo mobilidade e equilíbrio, explorando autonomia e movimento ativo com temática de princesas.","material=Plástico | cor=Rosa | genero=Menina | idade=+ 18 meses | conteudo_caixa=1 Totokinha 
4 formas geométricas | produto_mm=510x283x316 | caixa=2un/4.84kg | peso=1.393kg",ESPECIFICA,https://cardosotoys.com.br/playmi/produtos/totokinha-princesas/,(sem fonte),CONFIRMADO,NAO_ENCONTRADO,PENDENTE,
4009,Tópi Tambor,tópi,PRIMEIRA INFÂNCIA,,O Tópi Tambor é um instrumento musical infantil ideal para estimular o ritmo e a coordenação desde cedo.,,Estimula percepção musical | Desenvolve coordenação motora | Incentiva expressão criativa | Ideal para iniciação musical,Crianças a partir de 3 anos que estão começando a explorar sons e ritmos através de instrumentos musicais.,"material=Plástico | cor=Azul | genero=Unissex | idade=+ 3 Anos | conteudo_caixa=1 tambor
2 baquetas | ncm=9503.00.99 | cst=000 | dun=2789648414009-0 | produto_mm=D 202xD 202x175 | caixa=6un/1.89kg | peso=0.185kg",ESPECIFICA,https://cardosotoys.com.br/topi/produtos/topi-tambor/,(sem fonte),CONFIRMADO,NAO_ENCONTRADO,PENDENTE,
4010,Tópi Tamborete,tópi,PRIMEIRA INFÂNCIA,,O Tópi Tamborete é um instrumento musical infantil ideal para estimular o ritmo e a criatividade das crianças.,,Estimula percepção musical | Desenvolve coordenação motora | Incentiva expressão criativa | Ideal para iniciação musical,Crianças a partir de 3 anos que estão começando a explorar sons e ritmos através de instrumentos musicais.,"material=Plástico | cor=Azul | genero=Unissex | idade=+ 3 Anos | conteudo_caixa=1 tamborete
2 baquetas | ncm=9503.00.99 | cst=000 | dun=2789648414010-6 | produto_mm=D 202xD 202x80 | caixa=6un/1.38kg | peso=0.15kg",ESPECIFICA,https://cardosotoys.com.br/topi/produtos/topi-tamborete/,(sem fonte),CONFIRMADO,NAO_ENCONTRADO,PENDENTE,
4012,Tópi Pandeiro,tópi,PRIMEIRA INFÂNCIA,,O Tópi Pandeiro é um instrumento musical infantil ideal para introduzir as crianças ao universo da música de forma divertida.,,Estimula percepção rítmica | Desenvolve coordenação motora | Incentiva expressão musical | Leve e fácil de manusear,Crianças a partir de 3 anos que gostam de música e atividades rítmicas.,material=Plástico | cor=Azul/Branco | genero=Unissex | idade=+ 3 Anos | conteudo_caixa=1 Pandeiro | ncm=9503.00.99 | dun=27896484140120 | produto_mm=202x202x80 | caixa=6un/0.66kg | peso=0.8kg,ESPECIFICA,https://cardosotoys.com.br/topi/produtos/topi-pandeiro/,(sem fonte),CONFIRMADO,NAO_ENCONTRADO,PENDENTE,
4013,Tópi Dino Sabidinho,tópi,PRIMEIRA INFÂNCIA,,"O Tópi Dino Sabidinho é um carrinho didático inspirado no universo dos dinossauros, ideal para estimular o desenvolvimento na primeira infância.",,Estimula coordenação motora fina | Desenvolve raciocínio lógico | Incentiva reconhecimento de formas | Promove aprendizado lúdico,Crianças a partir de 18 meses que estão iniciando o desenvolvimento cognitivo através de brinquedos educativos.,"material=Plástico | cor=Azul | genero=Unissex | idade=+ 18 meses | conteudo_caixa=1 caminhão Tópi Sabidinho
4 formas geométricas | ncm=9503.00.80 | cst=000 | dun=2789648414013-7 | produto_mm=327x186x176 | caixa=6un/3.978kg | peso=0.635kg",ESPECIFICA,https://cardosotoys.com.br/topi/produtos/topi-dino-sabidinho/,(sem fonte),CONFIRMADO,NAO_ENCONTRADO,PENDENTE,
4014,Tópi Tortuga,tópi,PRIMEIRA INFÂNCIA,,A Tópi Tortuga é uma tartaruga didática desenvolvida para estimular o aprendizado na primeira infância.,,Estimula coordenação motora fina | Desenvolve raciocínio lógico | Incentiva reconhecimento de formas | Promove aprendizado lúdico,,"material=Plástico | cor=Azul | genero=Unissex | idade=+ 18 meses | conteudo_caixa=1 Tortuga
4 formas geométricas
1 forma de tartaruga | ncm=9503.00.80 | cst=000 | dun=2789648414014-4 | produto_mm=236x210x175 | caixa=6un/2.16kg | peso=0.26kg",ESPECIFICA,https://cardosotoys.com.br/topi/produtos/topi-tortuga/,(sem fonte),CONFIRMADO,NAO_ENCONTRADO,PENDENTE,
4015,Tópi Pata Bota Ovo,tópi,PRIMEIRA INFÂNCIA,,O Tópi Pata Bota Ovo é um brinquedo didático divertido que estimula o aprendizado através do encaixe e da interação.,,Estimula coordenação motora fina | Desenvolve raciocínio lógico | Incentiva reconhecimento de formas | Brincadeira interativa e educativa,,"material=Plástico | cor=Azul | genero=Unissex | idade=+ 18 meses | conteudo_caixa=1 Pata Bota Ovos
4 formas geométricas
3 ovos | ncm=9503.00.80 | cst=000 | dun=2789648414015-1 | produto_mm=220x120x230 | caixa=6un/2.058kg | peso=0.255kg",ESPECIFICA,https://cardosotoys.com.br/topi/produtos/topi-pata-bota-ovo/,(sem fonte),CONFIRMADO,NAO_ENCONTRADO,PENDENTE,
4016,Tópi Mileva,tópi,PRIMEIRA INFÂNCIA,,,,,,"material=Plástico | cor=Colorido | genero=Unissex | idade=+ 18 meses | conteudo_caixa=1 Mileva
3 formas praia
1 pá 
1 rastelo | ncm=9503.00.80 | cst=000 | dun=2789648414016-8 | produto_mm=312x255x170 | caixa=6un/4.542kg | peso=0.58kg",,(sem fonte),(sem fonte),NAO_ENCONTRADO,NAO_ENCONTRADO,PENDENTE,
4018,Tópi Invictus Caçamba,tópi,RODA LIVRE,,O Tópi Invictus Caçamba é um caminhão de plástico resistente e ideal para aventuras cheias de imaginação.,,Estimula coordenação motora | Incentiva criatividade e imaginação | Design resistente e durável | Sistema roda livre para fácil movimentação,Crianças a partir de 3 anos que gostam de caminhões e brincadeiras de construção.,material=Plástico | cor=Amarelo/Vermelho | genero=Menino | idade=+ 3 Anos | conteudo_caixa=1 caminhão Invictus Caçamba | ncm=9503.00.80 | cst=000 | dun=4789648414018-6 | produto_mm=255x105x117 | caixa=12un/3.18kg | peso=0.215kg,ESPECIFICA,https://cardosotoys.com.br/topi/produtos/topi-invictus-cacamba/,(sem fonte),CONFIRMADO,NAO_ENCONTRADO,PENDENTE,
4019,Tópi Batedeira,tópi,FAZ DE CONTA,,A Tópi Batedeira é perfeita para tornar a brincadeira de cozinha ainda mais divertida.,,,Crianças a partir de 3 anos que gostam de brincar de cozinhar e criar histórias no universo do faz de conta.,material=Plástico | cor=Rosa | genero=Menina | idade=+ 3 Anos | conteudo_caixa=1 Batedeira | ncm=9503.00.80 | cst=000 | dun=4789648414019-3 | produto_mm=117x88x130 | caixa=12un/1.32kg | peso=0.07kg,ESPECIFICA,https://cardosotoys.com.br/topi/produtos/topi-batedeira/,(sem fonte),CONFIRMADO,NAO_ENCONTRADO,PENDENTE,
4020,Tópi Liquidificador,tópi,FAZ DE CONTA,,O Tópi Liquidificador é perfeito para deixar a brincadeira de faz de conta ainda mais completa.,,Estimula a criatividade e imaginação | Incentiva brincadeiras de faz de conta | Desenvolve interação social | Ideal para complementar cozinhas infantis,Crianças a partir de 3 anos que adoram brincar de cozinha e criar momentos cheios de imaginação.,material=Plástico | cor=Rosa | genero=Menina | idade=+ 3 Anos | conteudo_caixa=1 Liquidificador | ncm=9503.00.80 | cst=000 | dun=4789648414020-9 | produto_mm=75x92x137 | caixa=12un/1.476kg | peso=0.08kg,ESPECIFICA,https://cardosotoys.com.br/topi/produtos/topi-liquidificador/,(sem fonte),CONFIRMADO,NAO_ENCONTRADO,PENDENTE,
4021,Tópi Fogãozinho,tópi,FAZ DE CONTA,,O Tópi Fogãozinho é perfeito para transformar qualquer momento em uma divertida brincadeira de faz de conta.,,Estimula criatividade e imaginação | Incentiva brincadeiras de faz de conta | Desenvolve interação social | Ideal para complementar cozinhas infantis,Crianças a partir de 3 anos que adoram brincar de cozinhar e criar histórias no universo do faz de conta.,material=Plástico | cor=Rosa | genero=Menina | idade=+ 3 Anos | conteudo_caixa=1 Fogãozinho | ncm=9503.00.80 | cst=000 | dun=2789648414021-2 | produto_mm=250x145x50 | caixa=6un/0.876kg | peso=0.105kg,ESPECIFICA,https://cardosotoys.com.br/topi/produtos/topi-fogaozinho/,(sem fonte),CONFIRMADO,NAO_ENCONTRADO,PENDENTE,
4022,Tópi Trator Escavadeira,tópi,RODA LIVRE,,O Tópi Trator Escavadeira é ideal para pequenos apaixonados por máquinas de construção.,,Estimula coordenação motora | Incentiva criatividade e imaginação | Estrutura resistente | Ideal para brincadeiras ao ar livre,Crianças a partir de 3 anos que gostam de veículos de construção e tratores.,material=Plástico | cor=Amarelo | genero=Menino | idade=+ 3 Anos | conteudo_caixa=1 trator escavadeira | ncm=9503.00.80 | cst=000 | dun=2789648414022-9 | produto_mm=365x160x150 | caixa=6un/2.538kg | peso=0.315kg,ESPECIFICA,https://cardosotoys.com.br/topi/produtos/topi-trator-escavadeira/,(sem fonte),CONFIRMADO,NAO_ENCONTRADO,PENDENTE,
4023,Tópi Trator Retroescavadeira,tópi,RODA LIVRE,,O Tópi Trator Retroescavadeira é ideal para pequenos apaixonados por máquinas de construção.,,Estimula coordenação motora | Incentiva criatividade e imaginação | Design resistente e durável | Ideal para brincadeiras ao ar livre,Crianças a partir de 3 anos que gostam de veículos de construção e tratores.,material=Plástico | cor=Amarelo | genero=Menino | idade=+ 3 Anos | conteudo_caixa=1 trator retroescavadeira | ncm=9503.00.80 | cst=000 | dun=2789648414023-6 | produto_mm=416x160x196 | caixa=6un/2.958kg | peso=0.385kg,ESPECIFICA,https://cardosotoys.com.br/topi/produtos/topi-trator-retroescavadeira/,(sem fonte),CONFIRMADO,NAO_ENCONTRADO,PENDENTE,
4024,Tópi Trator Agro,tópi,RODA LIVRE,,O Tópi Trator Agro é perfeito para crianças que adoram o universo do campo e das máquinas agrícolas.,,Estimula coordenação motora | Incentiva criatividade e imaginação | Design resistente e durável | Ideal para brincadeiras ao ar livre,Crianças a partir de 3 anos que gostam de tratores e brincadeiras com temática agrícola.,material=Plástico | cor=Amarelo | genero=Menino | idade=+ 3 Anos | conteudo_caixa=1 trator agro | ncm=9503.00.80 | cst=000 | dun=2789648414024-3 | produto_mm=380x148x146 | caixa=6un/2.442kg | peso=0.3kg,ESPECIFICA,https://cardosotoys.com.br/topi/produtos/topi-trator-agro/,(sem fonte),CONFIRMADO,NAO_ENCONTRADO,PENDENTE,
4025,Tópi Invictus Graneleiro,tópi,RODA LIVRE,,O Tópi Invictus Graneleiro é um caminhão robusto e cheio de personalidade para aventuras sobre rodas.,,Estimula coordenação motora | Incentiva criatividade e imaginação | Sistema roda livre para fácil movimentação | Design resistente e durável,Crianças a partir de 3 anos que gostam de caminhões e brincadeiras com veículos de grande porte.,material=Plástico | cor=Amarelo/Vermelho | genero=Menino | idade=+ 3 Anos | conteudo_caixa=1 caminhão graneleiro | ncm=9503.00.80 | cst=000 | dun=4789648414025-4 | produto_mm=430x110x120 | caixa=12un/4.98kg | peso=0.355kg,ESPECIFICA,https://cardosotoys.com.br/topi/produtos/topi-invictus-graneleiro/,(sem fonte),CONFIRMADO,NAO_ENCONTRADO,PENDENTE,
4026,Tópi Cestinha Didática,tópi,PRIMEIRA INFÂNCIA,,A Tópi Cestinha Didática é perfeita para estimular o aprendizado na primeira infância de forma divertida e interativa.,,Estimula coordenação motora fina | Desenvolve percepção visual e espacial | Incentiva reconhecimento de formas | Brinquedo educativo e colorido,Crianças a partir de 18 meses que estão iniciando o processo de aprendizado por meio de brinquedos educativos.,"material=Plástico | cor=Colorido | genero=Unissex | idade=+ 18 meses | conteudo_caixa=1 cesta Formas Geométricas
4 formas geométricas | ncm=9503.00.80 | cst=000 | dun=5789648413044-3 | produto_mm=192x171x135 | caixa=6un/2.56kg | peso=0.285kg",ESPECIFICA,https://cardosotoys.com.br/topi/produtos/topi-cestinha-didatica/,(sem fonte),CONFIRMADO,NAO_ENCONTRADO,PENDENTE,
4028,Tópi Combo Costruction,tópi,RODA LIVRE,,O Tópi Combo Costruction é o conjunto ideal para crianças que adoram veículos e aventuras sobre rodas.,,Estimula coordenação motora | Incentiva criatividade e imaginação | Conjunto completo com 5 carrinhos | Brincadeira dinâmica e interativa,Crianças a partir de 3 anos que gostam de caminhões e brincadeiras com múltiplos veículos.,"material=Plástico | cor=Amarelo | genero=Menino | idade=+ 3 Anos | conteudo_caixa=1 caminhão cegonheiro
5 carrinhos | ncm=9503.00.80 | cst=000 | dun=1789648414028-4 | produto_mm=350x220x236 | caixa=4un/3.84kg | peso=0.73kg",ESPECIFICA,https://cardosotoys.com.br/topi/produtos/topi-combo-costruction-2/,(sem fonte),CONFIRMADO,NAO_ENCONTRADO,PENDENTE,
4029,Tópi Invictus Super Cegonheiro,tópi,RODA LIVRE,,"O Tópi Invictus Super Cegonheiro é um caminhão robusto e imponente, perfeito para transportar e organizar seus 5 carrinhos inclusos.",,Estimula coordenação motora | Incentiva criatividade e imaginação | Inclui 5 carrinhos para brincadeira completa | Caminhão resistente e de grande porte,,"material=Plástico | cor=Amarelo/Vermelho | genero=Menino | idade=+ 3 Anos | conteudo_caixa=1 Caminhão 
5 Carros | ncm=9503.00.80 | cst=000 | dun=2789648414029-8 | produto_mm=490x120x170 | caixa=6un/4.41kg | peso=0.618kg",ESPECIFICA,https://cardosotoys.com.br/topi/produtos/topi-invictus-super-cegonheiro/,(sem fonte),CONFIRMADO,NAO_ENCONTRADO,PENDENTE,
4030,Tópi Bolofante com Formas Geométricas,tópi,PRIMEIRA INFÂNCIA,,O Tópi Bolofante com Formas Geométricas é um brinquedo didático ideal para a primeira infância.,,Estimula coordenação motora | Auxilia no reconhecimento de formas geométricas | Incentiva o raciocínio lógico | Ideal para a primeira infância,Crianças a partir de 18 meses em fase de desenvolvimento motor e cognitivo.,"material=Plástico | cor=Azul | genero=Unissex | idade=+ 18 meses | conteudo_caixa=1 Bolofante 
 4 formas geométricas | ncm=9503.00.80 | dun=27896484140304 | produto_mm=320x260x255 | peso=0.642kg",ESPECIFICA,https://cardosotoys.com.br/topi/produtos/topi-bolofante-com-formas-geometricas/,(sem fonte),CONFIRMADO,NAO_ENCONTRADO,PENDENTE,
4031,Tópi Bololéo com Letras,tópi,PRIMEIRA INFÂNCIA,,O Tópi Bololéo com Letras é um brinquedo didático desenvolvido especialmente para a primeira infância.,,Estimula coordenação motora | Auxilia no reconhecimento das letras | Incentiva o raciocínio e percepção visual | Ideal para a primeira infância,Crianças a partir de 18 meses em fase inicial de desenvolvimento cognitivo e motor.,"material=Plástico | cor=Amarelo | genero=Unissex | idade=+ 18 meses | conteudo_caixa=1 Bololéo
 5 letras | ncm=9503.00.80 | dun=2789648414031-1 | produto_mm=300x225x255 | peso=0.642kg",ESPECIFICA,https://cardosotoys.com.br/topi/produtos/topi-bololeo-com-letras/,(sem fonte),CONFIRMADO,NAO_ENCONTRADO,PENDENTE,
4032,Tópi Bolpotamo com Numeros,tópi,PRIMEIRA INFÂNCIA,,O Tópi Bolpótamo com Números é um brinquedo didático ideal para a primeira infância.,,Estimula coordenação motora | Auxilia no reconhecimento dos números | Incentiva o raciocínio lógico | Ideal para a primeira infância,Crianças a partir de 18 meses em fase de desenvolvimento cognitivo e motor.,"material=Plástico | cor=Rosa | genero=Unissex | idade=+ 18 meses | conteudo_caixa=1 Bolopótamo
 5 números | ncm=9503.00.80 | dun=27896484140328 | produto_mm=300x225x255 | peso=0.642kg",ESPECIFICA,https://cardosotoys.com.br/topi/produtos/topi-bolpotamo-com-numeros/,(sem fonte),CONFIRMADO,NAO_ENCONTRADO,PENDENTE,
6005,Totokinha Bolinha Rosa Caixa Individual,playmi,PLAY&RIDE,A língua e os bracinhos se * 1 unidade +18 meses A cor mexem! da 316A x 498C x 283L embalagem individual,,,,,"material=Plástico | cor=Rosa | genero=Menina | idade=+ 18 meses | conteudo_caixa=1 Totokinha Bolinha 
2 Bolinhas
4 formas geométricas | ncm=9503.00.10 | cst=000 | dun=X | produto_mm=498x283x316 | caixa=1un/1.84kg | peso=1.393kg",,(sem fonte),(sem fonte),NAO_ENCONTRADO,NAO_ENCONTRADO,PENDENTE,"DESCRICAO_EXISTENTE — preservada, nao substituir"
6006,Totokinha Bolinha Azul Caixa Individual,playmi,PLAY&RIDE,,,,,,"material=Plástico | cor=Azul | genero=Menino | idade=+ 18 meses | conteudo_caixa=1 Totokinha Bolinha 
2 Bolinhas
4 formas geométricas | ncm=9503.00.10 | cst=000 | dun=X | produto_mm=498x283x316 | caixa=1un/1.84kg | peso=1.393kg",,(sem fonte),(sem fonte),NAO_ENCONTRADO,NAO_ENCONTRADO,PENDENTE,
6007,Totoka Plus sem Eletrônico Rosa Caixa Individual,playmi,PLAY&RIDE,,,,,,"material=Plástico | cor=Rosa | genero=Menina | idade=+ 18 meses | conteudo_caixa=1 Totoka 
1 haste para empurrar
1 apoio de braço
1 par de apoio para os pés | ncm=9503.00.10 | cst=500 | dun=X | produto_mm=495x250x348 | caixa=1un/2.49kg | peso=2.035kg",,(sem fonte),(sem fonte),NAO_ENCONTRADO,NAO_ENCONTRADO,PENDENTE,
6008,Totoka Plus sem Eletrônico Azul Caixa Individual,playmi,PLAY&RIDE,,,,,,"material=Plástico | cor=Azul | genero=Menino | idade=+ 18 meses | conteudo_caixa=1 Totoka 
1 haste para empurrar
1 apoio de braço
1 par de apoio para os pés | ncm=9503.00.10 | cst=500 | dun=X | produto_mm=495x250x348 | caixa=1un/2.49kg | peso=2.035kg",,(sem fonte),(sem fonte),NAO_ENCONTRADO,NAO_ENCONTRADO,PENDENTE,
6009,Totoka Plus Baby Tractor Caixa Individual,playmi,PLAY&RIDE,Todas as referências desta página são sem eletrônico.,,,,,"material=Plástico | cor=Amarelo | genero=Unissex | idade=+ 18 meses | conteudo_caixa=1 Totoka 
1 haste para empurrar
1 apoio de braço
1 par de apoio para os pés | ncm=9503.00.10 | cst=500 | dun=X | produto_mm=495x250x348 | caixa=1un/2.49kg | peso=2.035kg",,(sem fonte),(sem fonte),NAO_ENCONTRADO,NAO_ENCONTRADO,PENDENTE,"DESCRICAO_EXISTENTE — preservada, nao substituir"
6010,Totokinha Sport Rosa Caixa Individual,playmi,PLAY&RIDE,,,,,,"material=Plástico | cor=Rosa | genero=Menina | idade=+ 18 meses | conteudo_caixa=1 Totokinha Sport
4 formas geométricas | ncm=9503.00.10 | cst=000 | dun=X | produto_mm=498x283x316 | caixa=1un/1.76kg | peso=1.24kg",,(sem fonte),(sem fonte),NAO_ENCONTRADO,NAO_ENCONTRADO,PENDENTE,
6011,Totokinha Sport Azul Caixa Individual,playmi,PLAY&RIDE,,,,,,"material=Plástico | cor=Azul | genero=Menino | idade=+ 18 meses | conteudo_caixa=1 Totokinha Sport
4 formas geométricas | ncm=9503.00.10 | cst=000 | dun=X | produto_mm=498x283x316 | caixa=1un/1.76kg | peso=1.24kg",,(sem fonte),(sem fonte),NAO_ENCONTRADO,NAO_ENCONTRADO,PENDENTE,
6012,Totokinha Pocoyo com Boneco Caixa Individual,playmi,PLAY&COLLECT,,,,,,"material=Plástico/Vinil | cor=Azul | genero=Menino | idade=+ 18 meses | conteudo_caixa=1 Totokinha 
1 cestinha
4 formas geométricas
1 boneco de vinil | ncm=9503.00.10 | cst=500 | dun=X | produto_mm=510x283x316 | caixa=1un/1.86kg | peso=1.393kg",,(sem fonte),(sem fonte),NAO_ENCONTRADO,NAO_ENCONTRADO,PENDENTE,
6013,Totokinha Elly com Boneco Caixa Individual,playmi,PLAY&COLLECT,,,,,,"material=Plástico/Vinil | cor=Rosa | genero=Menina | idade=+ 18 meses | conteudo_caixa=1 Totokinha 
1 cestinha
4 formas geométricas
1 boneco de vinil | ncm=9503.00.10 | dun=X | produto_mm=510x283x316 | caixa=1un/1.86kg | peso=1.393kg",,(sem fonte),(sem fonte),NAO_ENCONTRADO,NAO_ENCONTRADO,PENDENTE,
6017,Totokinha Disney Ariel Caixa Individual,playmi,PLAY&COLLECT,,,,,,"material=Plástico/Vinil | cor=Rosa | genero=Menina | idade=+ 18 meses | conteudo_caixa=1 Totokinha 
4 formas geométricas
1 boneco de vinil | ncm=9503.00.10 | cst=500 | dun=x | produto_mm=510x283x316 | caixa=1un/1.86kg | peso=1.393kg",,(sem fonte),(sem fonte),NAO_ENCONTRADO,NAO_ENCONTRADO,PENDENTE,
6018,Totokinha Marvel Spidey Caixa Individual,playmi,PLAY&COLLECT,,,,,,"material=Plástico | cor=Vermelho | genero=Menino | idade=+ 18 meses | conteudo_caixa=1 Totokinha 
4 formas geométricas
1 boneco de vinil | ncm=9503.00.10 | cst=500 | dun=X | produto_mm=510x283x316 | caixa=1un/1.86kg | peso=1.393kg",,(sem fonte),(sem fonte),NAO_ENCONTRADO,NAO_ENCONTRADO,PENDENTE,
6019,Totokinha Galinha Pintadinha Mini Caixa Individual,playmi,PLAY&COLLECT,,,,,,"material=Plástico/Vinil | cor=Azul | genero=Unissex | idade=+ 18 meses | conteudo_caixa=1 Totokinha 
4 formas geométricas
1 boneco de vinil | ncm=9503.00.10 | cst=500 | dun=X | produto_mm=510x283x316 | caixa=1un/1.86kg | peso=1.393kg",,(sem fonte),(sem fonte),NAO_ENCONTRADO,NAO_ENCONTRADO,PENDENTE,
6020,Totokinha Bluey Caixa Individual,playmi,PLAY&COLLECT,,,,,,"material=Plástico | cor=Azul | genero=Unissex | idade=+ 18 meses | conteudo_caixa=1 Totokinha 
4 formas geométricas | produto_mm=510x283x316 | caixa=1un/1.86kg | peso=1.393kg",,(sem fonte),(sem fonte),NAO_ENCONTRADO,NAO_ENCONTRADO,PENDENTE,
6021,Totokinha Disney Princesas Caixa Individual,playmi,PLAY&COLLECT,,,,,,"material=Plástico | cor=Rosa | genero=Menina | idade=+ 18 meses | conteudo_caixa=1 Totokinha 
4 formas geométricas | dun=x | produto_mm=510x283x316 | caixa=1un/1.86kg | peso=1.393kg",,(sem fonte),(sem fonte),NAO_ENCONTRADO,NAO_ENCONTRADO,PENDENTE,
7001,Boliche,tópi,JOGOS,,O Boliche é um jogo clássico que garante diversão e interação entre as crianças.,,Desenvolve coordenação motora | Estimula concentração e precisão | Incentiva interação social | Ideal para brincadeiras em grupo,Crianças a partir de 3 anos que gostam de jogos dinâmicos e atividades em grupo.,"material=Plástico | cor=Colorido | genero=Unissex | idade=+ 3 Anos | conteudo_caixa=6 Pinos de boliche
2 bolas | ncm=9503.00.80 | cst=000 | dun=2789648417001-1 | produto_mm=210x210x270 | caixa=6un/2.3kg | peso=0.29kg",ESPECIFICA,https://cardosotoys.com.br/topi/produtos/boliche-infantil/,(sem fonte),CONFIRMADO,NAO_ENCONTRADO,PENDENTE,
7101,Elefante Musical Azul,tópi,PRIMEIRA INFÂNCIA,,O Elefante Musical Azul é um brinquedo didático eletrônico desenvolvido para estimular os sentidos e a coordenação na primeira infância.,,Estimula coordenação motora | Desenvolve percepção auditiva | Trabalha estímulo visual com luzes | Incentiva interação e curiosidade | Ideal para primeira infância,"Crianças + 12 meses que estão desenvolvendo percepção sensorial, coordenação e habilidades cognitivas iniciais por meio de brinquedos interativos.",material=Plástico | cor=Azul | genero=Menino | idade=+ 12 meses | conteudo_caixa=1 Elefante musical | ncm=9503.00.99 | dun=2789648417101-8 | produto_mm=220x45x160 | caixa=6un/2.1kg | peso=0.454kg,ESPECIFICA,https://cardosotoys.com.br/topi/produtos/elefante-musical-azul/,(sem fonte),CONFIRMADO,NAO_ENCONTRADO,PENDENTE,
7102,Elefante Musical Rosa,tópi,PRIMEIRA INFÂNCIA,,O Elefante Musical Rosa é um brinquedo eletrônico desenvolvido para estimular os sentidos e o aprendizado desde os primeiros anos.,,Estimula coordenação motora | Desenvolve percepção auditiva | Trabalha estímulo visual com luzes | Incentiva interação e descoberta | Ideal para primeira infância,"Crianças + 12 meses que estão desenvolvendo habilidades sensoriais, coordenação e interação por meio de brinquedos didáticos eletrônicos.",material=Plástico | cor=Rosa | genero=Menina | idade=+ 12 meses | conteudo_caixa=1 Elefante musical | ncm=9503.00.99 | dun=2789648417102-5 | produto_mm=220x45x160 | caixa=6un/2.1kg | peso=0.182kg,ESPECIFICA,https://cardosotoys.com.br/topi/produtos/elefante-musical-rosa/,(sem fonte),CONFIRMADO,NAO_ENCONTRADO,PENDENTE,
7103,Girafa Musical,tópi,PRIMEIRA INFÂNCIA,,"A Girafa Musical é um brinquedo didático eletrônico desenvolvido para estimular coordenação, percepção sensorial e interação ativa na primeira infância.",,Estimula coordenação motora | Desenvolve percepção auditiva | Trabalha estímulo visual com luzes | Incentiva interação e curiosidade | Ideal para primeira infância,"Crianças + 18 meses que estão desenvolvendo habilidades sensoriais, coordenação motora e interação por meio de brinquedos didáticos eletrônicos.",material=Plástico | cor=Amarelo | genero=Unissex | idade=+ 18 meses | conteudo_caixa=1 Girafa musical | ncm=9503.00.99 | dun=2789648417103-2 | produto_mm=165x55x420 | caixa=6un/3.648kg | peso=0.304kg,ESPECIFICA,https://cardosotoys.com.br/topi/produtos/girafa-musical/,(sem fonte),CONFIRMADO,NAO_ENCONTRADO,PENDENTE,
7104,Macaco Musical,tópi,PRIMEIRA INFÂNCIA,,O Macaco Musical é um brinquedo didático eletrônico desenvolvido para estimular os sentidos e a coordenação desde os primeiros anos.,,Estimula coordenação motora | Desenvolve percepção auditiva | Trabalha estímulo visual com luzes | Incentiva interação ativa | Ideal para primeira infância,"Crianças + 12 meses que estão desenvolvendo habilidades sensoriais, coordenação e percepção por meio de brinquedos didáticos eletrônicos.",material=Plástico | cor=Vermelho | genero=Unissex | idade=+ 12 meses | conteudo_caixa=1 macaco musical | ncm=9503.00.99 | dun=2789648417104-9 | produto_mm=180x50x150 | caixa=6un/2.172kg | peso=0.242kg,ESPECIFICA,https://cardosotoys.com.br/topi/produtos/macaco-musical/,(sem fonte),CONFIRMADO,NAO_ENCONTRADO,PENDENTE,
7105,Pocotó Musical Laranja,playmi,PLAY&LEARN,,"O Pocotó Musical Laranja combina movimento, música e aprendizado em uma única experiência para a primeira infância.",Acompanha 1 baqueta | Cauda gira | Com luz | Com som | Formas Geométricas,,Crianças a partir de 18 meses em fase de desenvolvimento motor e reconhecimento de sons e formas.,"material=Plástico | cor=Laranja | genero=Menino | idade=+ 18 meses | conteudo_caixa=1 Pocotó
5 formas temáticas | ncm=9503.00.99 | dun=2789648417105-6 | produto_mm=300x105x260 | caixa=6un/6.024kg | peso=0.511kg",ESPECIFICA,https://cardosotoys.com.br/playmi/produtos/pocoto-musical-laranja/,https://cardosotoys.com.br/playmi/produtos/pocoto-musical-laranja/,CONFIRMADO,CONFIRMADO,PENDENTE,
7106,Pocotó Musical Rosa,playmi,PLAY&LEARN,,"O Pocotó Musical Rosa foi desenvolvido para transformar o brincar em uma experiência completa de som, luz e aprendizado.",Com luz | Com som,,Crianças a partir de 18 meses que estão desenvolvendo habilidades motoras e explorando sons e formas.,"material=Plástico | cor=Rosa | genero=Menina | idade=+ 18 meses | conteudo_caixa=1 Pocotó
5 formas temáticas | ncm=9503.00.99 | dun=2789648417106-3 | produto_mm=300x105x260 | caixa=6un/6.024kg | peso=0.511kg",ESPECIFICA,https://cardosotoys.com.br/playmi/produtos/pocoto-musical-rosa/,https://cardosotoys.com.br/playmi/produtos/pocoto-musical-rosa/,CONFIRMADO,CONFIRMADO,PENDENTE,
7107,Polvo Musical Azul,playmi,PLAY&LEARN,,"O Polvo Musical Azul foi desenvolvido para transformar o brincar em uma experiência cheia de ritmo, luz e estímulo sensorial.",Com luz | Com som | Luzes,,Crianças a partir de 18 meses que estão desenvolvendo habilidades motoras e descobrindo sons e estímulos visuais.,material=Plástico | cor=Azul | genero=Menino | idade=+ 18 meses | conteudo_caixa=1 Polvo musical | ncm=9503.00.99 | dun=2789648417107-0 | produto_mm=270x235x155 | caixa=6un/5.19kg | peso=0.453kg,ESPECIFICA,https://cardosotoys.com.br/playmi/produtos/polvo-musical-azul/,https://cardosotoys.com.br/playmi/produtos/polvo-musical-azul/,CONFIRMADO,CONFIRMADO,PENDENTE,
7108,Polvo Musical Rosa,playmi,PLAY&LEARN,,O Polvo Musical Rosa foi desenvolvido para estimular os sentidos e transformar o brincar em uma experiência interativa.,Com luz | Com som | Luzes,,Crianças a partir de 18 meses que estão desenvolvendo habilidades motoras e descobrindo novos estímulos sonoros e visuais.,material=Plástico | cor=Rosa | genero=Menina | idade=+ 18 meses | conteudo_caixa=1 Polvo musical | ncm=9503.00.99 | dun=2789648417108-7 | produto_mm=270x235x155 | caixa=6un/5.19kg | peso=0.453kg,ESPECIFICA,https://cardosotoys.com.br/playmi/produtos/polvo-musical-rosa/,https://cardosotoys.com.br/playmi/produtos/polvo-musical-rosa/,CONFIRMADO,CONFIRMADO,PENDENTE,
7109,Sapo Musical,playmi,PLAY&LEARN,Veja como a brincadeira acontece!,O Sapo Musical transforma o brincar em uma experiência rítmica e cheia de estímulos.,Acompanha 2 baquetas | Com luz | Com som | Pé retrátil,,Crianças a partir de 18 meses que estão desenvolvendo habilidades motoras e explorando sons e estímulos musicais.,"material=Plástico | cor=Verde | genero=Unissex | idade=+ 18 meses | conteudo_caixa=1 Sapo musical
2 baquetas | ncm=9503.00.99 | dun=2789648417109-4 | produto_mm=335x190x135 | caixa=6un/4.668kg | peso=0.349kg",ESPECIFICA,https://cardosotoys.com.br/playmi/produtos/sapo-musical/,https://cardosotoys.com.br/playmi/produtos/sapo-musical/,CONFIRMADO,CONFIRMADO,PENDENTE,"DESCRICAO_EXISTENTE — preservada, nao substituir"
7110,Tucano Musical,tópi,PRIMEIRA INFÂNCIA,,O Tucano Musical é um brinquedo didático eletrônico criado para estimular os sentidos e incentivar o desenvolvimento motor na primeira infância.,,Estimula coordenação motora | Desenvolve percepção auditiva | Trabalha estímulo visual com luzes | Incentiva interação ativa | Ideal para primeira infância,"Crianças + 12 meses que estão desenvolvendo habilidades sensoriais, coordenação e percepção por meio de brinquedos didáticos eletrônicos.",material=Plástico | cor=Verde | genero=Unissex | idade=+ 12 meses | conteudo_caixa=1 Tucano musical | ncm=9503.00.99 | dun=2789648417110-0 | produto_mm=165x50x180 | caixa=6un/2.244kg | peso=0.189kg,ESPECIFICA,https://cardosotoys.com.br/topi/produtos/tucano-musical/,(sem fonte),CONFIRMADO,NAO_ENCONTRADO,PENDENTE,
7111,Mesinha de Atividades Musical,playmi,PLAY&LEARN,,A Mesinha de Atividades Musical foi desenvolvida para proporcionar múltiplos estímulos em uma única experiência de brincadeira.,Bolinhas com chocalho | Com som | Engrenagem que giram | Estimulam o aprendizado | Luzes | Tamanho ergonômico,,Crianças a partir de 18 meses que estão desenvolvendo habilidades motoras e explorando sons e estímulos visuais.,"material=Plástico | cor=Azul | genero=Unissex | idade=+ 18 meses | conteudo_caixa=1 Mesinha de atividades
3 bolinhas | ncm=9503.00.80 | dun=2789648417111-7 | produto_mm=420x320x245 | caixa=6un/8.004kg | peso=0.857kg",ESPECIFICA,https://cardosotoys.com.br/playmi/produtos/mesinha-de-atividades-musical/,https://cardosotoys.com.br/playmi/produtos/mesinha-de-atividades-musical/,CONFIRMADO,CONFIRMADO,PENDENTE,
7112,Carrinho Educativo Azul,playmi,PLAY&LEARN,,O Carrinho Educativo Azul foi desenvolvido para transformar o brincar em uma experiência completa de aprendizado e interação.,Bolinhas com chocalho | Com som | Formas Geométricas | Luzes | Porta-malas abre e fecha | Vem com martelo,,Crianças a partir de 18 meses que estão desenvolvendo habilidades motoras e iniciando o reconhecimento de formas e encaixes.,"material=Plástico | cor=Azul | genero=Menino | idade=+ 18 meses | conteudo_caixa=1 Carrinho
4 formas geométricas
1 martelo 
1 bolinha | ncm=9503.00.80 | dun=2789648417112-4 | produto_mm=245x175x180 | caixa=6un/5.196kg | peso=0.449kg",ESPECIFICA,https://cardosotoys.com.br/playmi/produtos/carrinho-educativo-azul/,https://cardosotoys.com.br/playmi/produtos/carrinho-educativo-azul/,CONFIRMADO,CONFIRMADO,PENDENTE,
7113,Carrinho Educativo Rosa,playmi,PLAY&LEARN,,O Carrinho Educativo Rosa foi desenvolvido para unir diversão e desenvolvimento em uma única experiência.,Bolinhas com chocalho | Com luz | Com som | Formas Geométricas | Porta-malas abre e fecha | Vem com martelo,,Crianças a partir de 18 meses que estão desenvolvendo habilidades motoras e iniciando o reconhecimento de formas e encaixes.,"material=Plástico | cor=Rosa | genero=Menina | idade=+ 18 meses | conteudo_caixa=1 Carrinho
4 formas geométricas
1 martelo 
1 bolinha | ncm=9503.00.80 | dun=2789648417113-1 | produto_mm=245x175x180 | caixa=6un/5.196kg | peso=0.449kg",ESPECIFICA,https://cardosotoys.com.br/playmi/produtos/carrinho-educativo-rosa/,https://cardosotoys.com.br/playmi/produtos/carrinho-educativo-rosa/,CONFIRMADO,CONFIRMADO,PENDENTE,
7114,Carro de Bombeiro Musical,playmi,PLAY&LEARN,,O Carro de Bombeiro Musical foi desenvolvido para levar ação e aprendizado às primeiras brincadeiras.,"As luzes piscam | Com movimento divertido | Sons de chave, motor e buzina",,Crianças a partir de 12 meses que estão iniciando o desenvolvimento motor e explorando estímulos sonoros e visuais.,material=Plástico | cor=Vermelho | genero=Unissex | idade=+ 12 meses | conteudo_caixa=1 carrinho | ncm=9503.00.99 | dun=2789648417114-8 | produto_mm=165x100x110 | caixa=6un/2.112kg | peso=0.203kg,ESPECIFICA,https://cardosotoys.com.br/playmi/produtos/carro-de-bombeiro-musical/,https://cardosotoys.com.br/playmi/produtos/carro-de-bombeiro-musical/,CONFIRMADO,CONFIRMADO,PENDENTE,
7115,Carro de Policia Musical,playmi,PLAY&LEARN,,"O Carro de Policia Musical leva ação, som e luz para as primeiras aventuras da infância.",Acionamento touch | As luzes piscam,,Crianças a partir de 12 meses que estão iniciando o desenvolvimento motor e explorando sons e estímulos visuais.,material=Plástico | cor=Azul | genero=Unissex | idade=+ 12 meses | conteudo_caixa=1 carrinho | ncm=9503.00.99 | dun=2789648417115-5 | produto_mm=160x100x110 | caixa=6un/2.112kg | peso=0.201kg,ESPECIFICA,https://cardosotoys.com.br/playmi/produtos/carro-de-policia-musical/,https://cardosotoys.com.br/playmi/produtos/carro-de-policia-musical/,CONFIRMADO,CONFIRMADO,PENDENTE,
7116,Ônibus Escolar Musical,playmi,PLAY&LEARN,,O Ônibus Escolar Musical foi desenvolvido para transformar as primeiras brincadeiras em momentos cheios de movimento e imaginação.,As luzes piscam,,Crianças a partir de 12 meses que estão iniciando o desenvolvimento motor e explorando estímulos sonoros e visuais.,material=Plástico | cor=Amarelo | genero=Unissex | idade=+ 12 meses | conteudo_caixa=1 carrinho | ncm=9503.00.99 | dun=2789648417116-2 | produto_mm=160x100x110 | caixa=6un/2.172kg | peso=0.209kg,ESPECIFICA,https://cardosotoys.com.br/playmi/produtos/onibus-escolar-musical/,https://cardosotoys.com.br/playmi/produtos/onibus-escolar-musical/,CONFIRMADO,CONFIRMADO,PENDENTE,
7117,Pick- Up Super Fast,playmi,PLAY&LEARN,,A Pick- Up Super Fast foi desenvolvida para acelerar a diversão na primeira infância.,As luzes piscam,,Crianças a partir de 18 meses que estão desenvolvendo habilidades motoras e explorando sons e estímulos visuais.,material=Plástico | cor=Vermelho | genero=Unissex | idade=+ 18 meses | conteudo_caixa=1 carrinho | ncm=9503.00.99 | dun=2789648417117-9 | produto_mm=155x100x85 | caixa=6un/2.232kg | peso=0.223kg,ESPECIFICA,https://cardosotoys.com.br/playmi/produtos/pick-up-super-fast/,https://cardosotoys.com.br/playmi/produtos/pick-up-super-fast/,CONFIRMADO,CONFIRMADO,PENDENTE,
7118,Carrinho Super Fast,playmi,PLAY&LEARN,,O Carrinho Super Fast foi desenvolvido para acelerar a diversão e estimular o desenvolvimento na primeira infância.,"As luzes piscam | Botão de chave para ligar | Sons de chave, motor e buzina",,Crianças a partir de 18 meses que estão desenvolvendo habilidades motoras e explorando sons e estímulos visuais.,material=Plástico | cor=Laranja | genero=Unissex | idade=+ 18 meses | conteudo_caixa=1 carrinho | ncm=9503.00.99 | dun=2789648417118-6 | produto_mm=155x100x85 | caixa=6un/2.208kg | peso=0.221kg,ESPECIFICA,https://cardosotoys.com.br/playmi/produtos/carrinho-super-fast/,https://cardosotoys.com.br/playmi/produtos/carrinho-super-fast/,CONFIRMADO,CONFIRMADO,PENDENTE,
7119,Kombinha Super Fast,playmi,PLAY&LEARN,,A Kombinha Super Fast foi criada para levar movimento e diversão às primeiras aventuras da infância.,As luzes piscam,,Crianças a partir de 18 meses que estão desenvolvendo habilidades motoras e explorando sons e estímulos visuais.,material=Plástico | cor=Azul | genero=Unissex | idade=+ 18 meses | conteudo_caixa=1 carrinho | ncm=9503.00.99 | dun=2789648417119-3 | produto_mm=155x100x90 | caixa=6un/2.292kg | peso=0.236kg,ESPECIFICA,https://cardosotoys.com.br/playmi/produtos/kombinha-super-fast/,https://cardosotoys.com.br/playmi/produtos/kombinha-super-fast/,CONFIRMADO,CONFIRMADO,PENDENTE,
7120,Pet Home com Blocos Azul,tópi,PRIMEIRA INFÂNCIA,,O Pet Home com Blocos Azul é um brinquedo didático que combina construção e imaginação em uma proposta divertida e criativa.,,Estimula criatividade e imaginação | Desenvolve coordenação motora fina | Trabalha percepção espacial | Incentiva raciocínio lógico,"Crianças + 3 anos que gostam de montar, criar cenários e desenvolver histórias por meio de blocos de construção.","material=Plástico | cor=Azul | genero=Menino | idade=+ 3 Anos | conteudo_caixa=1 pet home
44 blocos
1 pet | ncm=9503.00.80 | dun=2789648417120-9 | produto_mm=250x175x270 | caixa=6un/4.752kg | peso=0.605kg",ESPECIFICA,https://cardosotoys.com.br/topi/produtos/pet-home-com-blocos-azul/,(sem fonte),CONFIRMADO,NAO_ENCONTRADO,PENDENTE,
7121,Pet Home com Blocos Rosa,tópi,PRIMEIRA INFÂNCIA,,O Pet Home com Blocos Rosa é um brinquedo de construção que incentiva o brincar criativo e o desenvolvimento infantil de forma divertida.,,Estimula criatividade e construção livre | Desenvolve coordenação motora fina | Trabalha percepção espacial | Incentiva raciocínio lógico,"Crianças + 3 anos que gostam de montar, criar ambientes e desenvolver histórias por meio de blocos de construção e personagens.","material=Plástico | cor=Rosa | genero=Menina | idade=+ 3 Anos | conteudo_caixa=1 pet home
44 blocos
1 pet | ncm=9503.00.80 | dun=2789648417121-6 | produto_mm=250x175x270 | caixa=6un/4.752kg | peso=0.605kg",ESPECIFICA,https://cardosotoys.com.br/topi/produtos/pet-home-com-blocos-rosa/,(sem fonte),CONFIRMADO,NAO_ENCONTRADO,PENDENTE,
7122,Doce Cozinha Plus Comidinha,playmi,PLAY&IMAGINE,,A Doce Cozinha Plus Comidinha foi desenvolvida para estimular a preparação de alimentos no universo do faz de conta.,Faz de conta,Estimula coordenação motora fina | Incentiva organização e planejamento | Desenvolve criatividade culinária | Ideal para simular preparo de alimentos,"Crianças + 3 anos em fase de desenvolvimento da imaginação, coordenação motora e habilidades sociais por meio do faz de conta.","material=Plástico | cor=Rosa | genero=Menina | idade=+ 3 Anos | conteudo_caixa=1 pia com escorredor
1 tabua
3 facas
1 amolador
1 descascador
1 berinjela
1 repolho
1 tomate
1 cenoura | ncm=9503.00.80 | cst=000 | dun=2789648417122-3 | produto_mm=410x85x305 | caixa=6un/3.936kg | peso=0.245kg",ESPECIFICA,https://cardosotoys.com.br/playmi/produtos/doce-cozinha-plus-comidinha/,https://cardosotoys.com.br/playmi/produtos/doce-cozinha-plus-comidinha/,CONFIRMADO,CONFIRMADO,PENDENTE,
7123,Doce Cozinha Plus Liquidificador,playmi,PLAY&IMAGINE,,A Doce Cozinha Plus Liquidificador transforma a brincadeira em uma experiência de preparo de sucos e receitas imaginárias.,Faz de conta,Incentiva criatividade na criação de receitas | Estimula coordenação motora | Desenvolve imaginação alimentar | Ideal para simular preparo de bebidas,Crianças + 3 anos que gostam de explorar combinações e criar receitas no universo do faz de conta.,"material=Plástico | cor=Rosa | genero=Menina | idade=+ 3 Anos | conteudo_caixa=1 liquidificador
1 tabua
1 prato
1 suporte para facas
3 facas
1 amolador
1 descascador
1 maça
1 kiwi
1 carambola
1 pêra | ncm=9503.00.80 | cst=000 | dun=2789648417123-0 | produto_mm=410x85x305 | caixa=6un/3.6kg | peso=0.201kg",ESPECIFICA,https://cardosotoys.com.br/playmi/produtos/doce-cozinha-plus-liquidificador/,https://cardosotoys.com.br/playmi/produtos/doce-cozinha-plus-liquidificador/,CONFIRMADO,CONFIRMADO,PENDENTE,
7124,Doce Cozinha Plus Microondas e Batedeira,playmi,PLAY&IMAGINE,,A Doce Cozinha Plus Microondas e Batedeira amplia as possibilidades da brincadeira ao unir dois eletrodomésticos clássicos da cozinha.,Faz de conta,Estimula imaginação culinária | Incentiva autonomia na brincadeira | Desenvolve coordenação motora | Ideal para simular preparo de refeições completas,Crianças + 3 anos que estão desenvolvendo habilidades motoras e criatividade por meio do faz de conta.,"material=Plástico | cor=Rosa | genero=Menina | idade=+ 3 Anos | conteudo_caixa=1 microondas
1 batedeira
2 pratos
1 garfo
1 faca
1 colher
1 escumadeira
1 concha
2 espatulas
1 queijo
1 ovo frito
1 ovo
1 frango assado
1 mel
1 milho | ncm=9503.00.80 | cst=000 | dun=2789648417124-7 | produto_mm=410x85x305 | caixa=6un/3.462kg | peso=0.173kg",ESPECIFICA,https://cardosotoys.com.br/playmi/produtos/doce-cozinha-plus-microondas-e-batedeira/,https://cardosotoys.com.br/playmi/produtos/doce-cozinha-plus-microondas-e-batedeira/,CONFIRMADO,CONFIRMADO,PENDENTE,
7125,Doce Cozinha Plus Torradeira e Batedeira,playmi,PLAY&IMAGINE,,A Doce Cozinha Plus Torradeira e Batedeira incentiva a criança a montar cafés da manhã e sobremesas imaginárias.,Faz de conta,Estimula criatividade alimentar | Desenvolve coordenação motora | Incentiva organização | Ideal para simular preparo de lanches,Crianças + 3 anos que gostam de criar combinações e explorar diferentes formas de preparo no universo do faz de conta.,"material=Plástico | cor=Rosa | genero=Menina | idade=+ 3 Anos | conteudo_caixa=1 torradeira
1 batedeira
2 pratos
1 garfo
1 faca
1 colher
2 pães
5 petit 
1 creme de avelã
1 mel | ncm=9503.00.80 | cst=000 | dun=2789648417125-4 | produto_mm=410x85x305 | caixa=6un/3.342kg | peso=0.156kg",ESPECIFICA,https://cardosotoys.com.br/playmi/produtos/doce-cozinha-plus-torradeira-e-batedeira/,https://cardosotoys.com.br/playmi/produtos/doce-cozinha-plus-torradeira-e-batedeira/,CONFIRMADO,CONFIRMADO,PENDENTE,
7126,Pet Club Hora do Banho,tópi,FAZ DE CONTA,,O Pet Club Hora do Banho é o kit perfeito para crianças que amam cuidar de seus bichinhos de estimação no universo do faz de conta.,,Estimula imaginação e criatividade | Incentiva o cuidado e a responsabilidade lúdica | Desenvolve coordenação motora fina | Facilita organização com maleta inclusa,Crianças a partir de 3 anos que gostam de brincar de cuidar de pets e criar histórias no universo do faz de conta.,"material=Plástico/Vinil | cor=Rosa | genero=Menina | idade=+ 3 Anos | conteudo_caixa=4 pets
1 maleta
1 banheira
14 acessórios | ncm=9503.00.80 | cst=000 | dun=2789648417126-1 | produto_mm=345x90x265 | caixa=6un/3.228kg | peso=0.201kg",ESPECIFICA,https://cardosotoys.com.br/topi/produtos/pet-club-hora-do-banho/,(sem fonte),CONFIRMADO,NAO_ENCONTRADO,PENDENTE,
7127,Pet Club Hora do Passeio,tópi,FAZ DE CONTA,,O Pet Club Hora do Passeio é o conjunto ideal para crianças que adoram levar seus bichinhos para aventuras imaginárias.,,Estimula imaginação e criatividade | Incentiva o cuidado com pets | Desenvolve coordenação motora fina | Facilita organização com maleta de transporte,Crianças a partir de 3 anos que gostam de brincar de passear e cuidar de seus bichinhos no universo do faz de conta.,"material=Plástico/Vinil | cor=Rosa | genero=Menina | idade=+ 3 Anos | conteudo_caixa=1 pet
1 maleta de transporte
8 acessórios | ncm=9503.00.80 | cst=000 | dun=2789648417127-8 | produto_mm=235x90x225 | caixa=6un/1.86kg | peso=0.083kg",ESPECIFICA,https://cardosotoys.com.br/topi/produtos/pet-club-hora-do-passeio/,(sem fonte),CONFIRMADO,NAO_ENCONTRADO,PENDENTE,
7128,Pet Club Hora do Soninho,tópi,FAZ DE CONTA,,O Pet Club Hora do Soninho é o kit perfeito para tornar a hora de dormir dos pets ainda mais especial no universo do faz de conta.,,Estimula imaginação e criatividade | Incentiva o cuidado e responsabilidade lúdica | Desenvolve coordenação motora fina | Berço musical que torna a brincadeira mais interativa,,"material=Plástico/Vinil | cor=Rosa | genero=Menina | idade=+ 3 Anos | conteudo_caixa=4 pets
1 berço musical
7 acessórios | ncm=9503.00.80 | cst=000 | dun=2789648417128-5 | produto_mm=345x90x265 | caixa=6un/2.298kg | peso=0.129kg",ESPECIFICA,https://cardosotoys.com.br/topi/produtos/pet-club-hora-do-soninho/,(sem fonte),CONFIRMADO,NAO_ENCONTRADO,PENDENTE,
7129,Dinocar com Carrinhos,tópi,RODA LIVRE,Com 2 dinossauros vinil em miniatura,O Dinocar com Carrinhos une o universo dos dinossauros com a diversão dos carrinhos em um brinquedo cheio de ação.,,Estimula imaginação e criatividade | Possui som e luz para mais interatividade | Incentiva o brincar ativo | Desenvolve coordenação motora,"Crianças a partir de 3 anos que gostam de dinossauros, carrinhos e brincadeiras com movimento e efeitos sonoros.","material=Plástico/Vinil | cor=Bege | genero=Menino | idade=+ 3 Anos | conteudo_caixa=1 dino car
2 carrinhos | ncm=9503.00.80 | dun=2789648417129-2 | produto_mm=310x110x140 | caixa=6un/2.532kg | peso=0.203kg",ESPECIFICA,https://cardosotoys.com.br/topi/produtos/dinocar-com-carrinhos/,(sem fonte),CONFIRMADO,NAO_ENCONTRADO,PENDENTE,"DESCRICAO_EXISTENTE — preservada, nao substituir"
7130,City Driver Amarelo,tópi,RODA LIVRE,,O City Driver Amarelo é o ônibus ideal para crianças que adoram criar aventuras no cenário urbano.,,Estimula criatividade e imaginação | Possui som e luz para maior interatividade | Incentiva o brincar ativo | Desenvolve coordenação motora,"Crianças a partir de 3 anos que gostam de ônibus, transporte urbano e brincadeiras com efeitos sonoros e luminosos.",material=Plástico | cor=Amarelo | genero=Menino | idade=+ 3 Anos | conteudo_caixa=1 ônibus | ncm=9503.00.98 | dun=2789648417130-8 | produto_mm=280x65x90 | caixa=6un/3.162kg | peso=0.313kg,ESPECIFICA,https://cardosotoys.com.br/topi/produtos/city-driver-amarelo/,(sem fonte),CONFIRMADO,NAO_ENCONTRADO,PENDENTE,
7131,City Driver Vermelho,tópi,RODA LIVRE,,O City Driver Vermelho é o ônibus perfeito para crianças que adoram criar histórias no cenário urbano.,,Estimula criatividade e imaginação | Possui som e luz para maior interatividade | Incentiva o brincar ativo | Desenvolve coordenação motora,,material=Plástico | cor=Vermelho | genero=Menino | idade=+ 3 Anos | conteudo_caixa=1 ônibus | ncm=9503.00.98 | dun=2789648417131-5 | produto_mm=280x65x90 | caixa=6un/3.162kg | peso=0.313kg,ESPECIFICA,https://cardosotoys.com.br/topi/produtos/city-driver-vermelho/,(sem fonte),CONFIRMADO,NAO_ENCONTRADO,PENDENTE,
7132,City Truck Bombeiro,tópi,RODA LIVRE,,O City Truck Bombeiro é perfeito para crianças que sonham em viver grandes missões de resgate.,,Estimula criatividade e imaginação | Possui som e luz para maior interatividade | Incentiva o brincar ativo | Desenvolve coordenação motora,"Crianças a partir de 3 anos que gostam de caminhões de bombeiro, missões de resgate e brincadeiras com efeitos sonoros e luminosos.",material=Plástico | cor=Vermelho | genero=Menino | idade=+ 3 Anos | conteudo_caixa=1 caminhão bombeiro | ncm=9503.00.98 | dun=2789648417132-2 | produto_mm=235x110x130 | caixa=6un/3.018kg | peso=0.352kg,ESPECIFICA,https://cardosotoys.com.br/topi/produtos/city-truck-bombeiro/,(sem fonte),CONFIRMADO,NAO_ENCONTRADO,PENDENTE,
7133,City Truck Construção,tópi,RODA LIVRE,,O City Truck Construção é o brinquedo ideal para pequenos construtores que adoram criar cenários de obra cheios de ação.,,Estimula criatividade e imaginação | Possui som e luz para maior interatividade | Incentiva o brincar ativo | Desenvolve coordenação motora,"Crianças a partir de 3 anos que gostam de caminhões de construção, máquinas de obra e brincadeiras com efeitos sonoros e luminosos.",material=Plástico | cor=Amarelo | genero=Menino | idade=+ 3 Anos | conteudo_caixa=1 caminhão construção | ncm=9503.00.98 | dun=2789648417133-9 | produto_mm=270x85x140 | caixa=6un/2.976kg | peso=0.257kg,ESPECIFICA,https://cardosotoys.com.br/topi/produtos/city-truck-construcao/,(sem fonte),CONFIRMADO,NAO_ENCONTRADO,PENDENTE,
7134,City Truck Reciclagem,tópi,RODA LIVRE,,O City Truck Reciclagem é ideal para crianças que gostam de brincar com caminhões e aprender sobre o cuidado com o meio ambiente de forma lúdica.,,Estimula imaginação e criatividade | Incentiva o brincar educativo | Desenvolve coordenação motora | Visual inspirado em caminhão de reciclagem,"Crianças a partir de 3 anos que gostam de caminhões, temas urbanos e brincadeiras que envolvem organização e cuidado com o ambiente.",material=Plástico | cor=Verde | genero=Menino | idade=+ 3 Anos | conteudo_caixa=1 caminhão reciclagem | ncm=9503.00.98 | dun=2789648417134-6 | produto_mm=245x85x115 | caixa=6un/3.018kg | peso=0.31kg,ESPECIFICA,https://cardosotoys.com.br/topi/produtos/city-truck-reciclagem/,(sem fonte),CONFIRMADO,NAO_ENCONTRADO,PENDENTE,
7135,Corrida Radical 360°,tópi,RODA LIVRE,,A Corrida Radical 360° é a pista perfeita para crianças que adoram velocidade e desafios emocionantes.,,Estimula coordenação motora | Incentiva imaginação e criatividade | Looping 360° para mais emoção | Fácil montagem,,"material=Plástico | cor=Azul | genero=Menino | idade=+ 3 Anos | conteudo_caixa=1 pista
1 carro | ncm=9503.00.80 | dun=2789648417135-3 | produto_mm=335x75x260 | caixa=6un/3.024kg | peso=0.147kg",ESPECIFICA,https://cardosotoys.com.br/topi/produtos/corrida-radical-360/,(sem fonte),CONFIRMADO,NAO_ENCONTRADO,PENDENTE,
7136,Corrida Radical 360° com 2 Loopings,tópi,RODA LIVRE,,A Corrida Radical 360° com 2 Loopings transforma qualquer ambiente em uma pista cheia de adrenalina.,,Dois loopings para emoção em dobro | Estimula coordenação motora | Incentiva imaginação e criatividade | Fácil montagem,"Crianças a partir de 3 anos que adoram pistas de corrida, desafios radicais e brincadeiras cheias de movimento.","material=Plástico | cor=Azul | genero=Menino | idade=+ 3 Anos | conteudo_caixa=1 pista
1 carro | ncm=9503.00.80 | dun=2789648417136-0 | produto_mm=530x75x280 | caixa=6un/5.052kg | peso=0.339kg",ESPECIFICA,https://cardosotoys.com.br/topi/produtos/corrida-radical-360-com-2-loopings/,(sem fonte),CONFIRMADO,NAO_ENCONTRADO,PENDENTE,
7137,Corrida Radical Dinossauro,tópi,RODA LIVRE,,A Corrida Radical Dinossauro leva a emoção das pistas para um cenário jurássico cheio de aventura.,,Tema dinossauro que estimula a imaginação | Acompanha lançador para mais emoção | Desenvolve coordenação motora | Incentiva criatividade e brincadeira ativa,"Crianças a partir de 3 anos que gostam de dinossauros, pistas de corrida e brincadeiras cheias de aventura.","material=Plástico | cor=Verde | genero=Menino | idade=+ 3 Anos | conteudo_caixa=1 pista
1 carro
1 lançador | ncm=9503.00.80 | dun=2789648417137-7 | produto_mm=350x95x250 | caixa=6un/4.128kg | peso=0.351kg",ESPECIFICA,https://cardosotoys.com.br/topi/produtos/corrida-radical-dinossauro/,(sem fonte),CONFIRMADO,NAO_ENCONTRADO,PENDENTE,
7138,Estação de Bombeiro,playmi,PLAY&DRIVE,,"A Estação de Bombeiro é um brinquedo completo de roda livre que permite criar cenários de emergência, resgate e ação com muito realismo.",Acompanha 1 carro | Acompanha 23 peças | Acompanha helicóptero | Mapa da cidade,Estimula imaginação com cenários de resgate | Desenvolve coordenação motora grossa | Incentiva criatividade e narrativa | Promove interação e brincadeiras em grupo | Combina estação fixa com veículos móveis,"Crianças + 3 anos que gostam de veículos de emergência, missões de resgate e brincadeiras cheias de ação.","material=Plástico | cor=Vermelho | genero=Menino | idade=+ 3 Anos | conteudo_caixa=1 estação
1 carro
1 helicóptero | ncm=9503.00.80 | dun=2789648417138-4 | produto_mm=310x75x240 | caixa=6un/2.928kg | peso=0.213kg",ESPECIFICA,https://cardosotoys.com.br/playmi/produtos/estacao-de-bombeiro/,https://cardosotoys.com.br/playmi/produtos/estacao-de-bombeiro/,CONFIRMADO,CONFIRMADO,PENDENTE,
7139,Estação de Bombeiro Plus,playmi,PLAY&DRIVE,,A Estação de Bombeiro Plus é uma versão ampliada para quem busca uma experiência ainda mais completa no universo dos resgates.,Acompanha 3 carros | Acompanha helicóptero | Mapa da cidade | Vem com 24 peças,Estimula imaginação com cenários de emergência | Desenvolve coordenação motora grossa | Incentiva criatividade e construção de histórias | Promove interação social | Versão ampliada com mais veículos para maior dinâmica,Crianças + 3 anos que gostam de veículos de resgate e brincadeiras cheias de ação e aventura.,"material=Plástico | cor=Vermelho | genero=Menino | idade=+ 3 Anos | conteudo_caixa=1 estação
3 carros
11 helicóptero | ncm=9503.00.80 | dun=2789648417139-1 | produto_mm=520x70x350 | caixa=6un/5.808kg | peso=0.462kg",ESPECIFICA,https://cardosotoys.com.br/playmi/produtos/estacao-de-bombeiro-plus/,https://cardosotoys.com.br/playmi/produtos/estacao-de-bombeiro-plus/,CONFIRMADO,CONFIRMADO,PENDENTE,
7140,Estação de Construção,playmi,PLAY&DRIVE,,A Estação de Construção é um brinquedo de roda livre que leva a criança para o universo das grandes obras e projetos imaginários.,Acompanha 1 carro | Acompanha 26 peças | Acompanha helicóptero | Mapa da cidade,Estimula imaginação com cenários de obra | Desenvolve coordenação motora grossa | Incentiva percepção espacial | Promove interação e criatividade | Combina estação fixa com veículos móveis,Crianças + 3 anos que gostam de veículos de construção e brincadeiras com cenários de obra e transporte.,"material=Plástico | cor=Amarelo | genero=Menino | idade=+ 3 Anos | conteudo_caixa=1 estação
1 carro
1 helicóptero | ncm=9503.00.80 | dun=2789648417140-7 | produto_mm=310x75x240 | caixa=6un/2.988kg | peso=0.217kg",ESPECIFICA,https://cardosotoys.com.br/playmi/produtos/estacao-de-construcao/,https://cardosotoys.com.br/playmi/produtos/estacao-de-construcao/,CONFIRMADO,CONFIRMADO,PENDENTE,
7141,Estação de Reciclagem,playmi,PLAY&DRIVE,,"A Estação de Reciclagem é um brinquedo de roda livre que estimula a imaginação enquanto introduz, de forma lúdica, o universo da sustentabilidade e organização urbana.",Acompanha 1 carro | Acompanha 23 peças | Acompanha helicóptero | Mapa da cidade,Estimula imaginação com cenários urbanos | Desenvolve coordenação motora grossa | Incentiva percepção espacial | Promove criatividade e interação | Introduz conceitos lúdicos de sustentabilidade,Crianças + 3 anos que gostam de veículos urbanos e brincadeiras que envolvem organização e cuidado com a cidade.,"material=Plástico | cor=Verde | genero=Menino | idade=+ 3 Anos | conteudo_caixa=1 estação
1 carro
1 helicóptero | ncm=9503.00.80 | dun=2789648417141-4 | produto_mm=310x75x240 | caixa=6un/3.018kg | peso=0.204kg",ESPECIFICA,https://cardosotoys.com.br/playmi/produtos/estacao-de-reciclagem/,https://cardosotoys.com.br/playmi/produtos/estacao-de-reciclagem/,CONFIRMADO,CONFIRMADO,PENDENTE,
7142,City Rescue Ambulância,tópi,RODA LIVRE,,A City Rescue Ambulância é perfeita para crianças que adoram aventuras de resgate e salvamento.,,Possui som e luz para maior realismo | Estimula imaginação e criatividade | Incentiva coordenação motora | Ideal para brincadeiras de resgate,"Crianças a partir de 3 anos que gostam de veículos de emergência, ambulâncias e brincadeiras cheias de ação.",material=Plástico | cor=Vermelho | genero=Menino | idade=+ 3 Anos | conteudo_caixa=1 carro de ambulância | ncm=9503.00.98 | dun=2789648417142-1 | produto_mm=200x70x85 | caixa=6un/2.4kg | peso=0.187kg,ESPECIFICA,https://cardosotoys.com.br/topi/produtos/city-rescue-ambulancia/,(sem fonte),CONFIRMADO,NAO_ENCONTRADO,PENDENTE,
7143,City Rescue Bombeiro,tópi,RODA LIVRE,,,,,,material=Plástico | cor=Vermelho | genero=Menino | idade=+ 3 Anos | conteudo_caixa=1 carro de bombeiro | ncm=9503.00.98 | dun=2789648417143-8 | produto_mm=180x70x110 | caixa=6un/2.598kg | peso=0.213kg,,(sem fonte),(sem fonte),NAO_ENCONTRADO,NAO_ENCONTRADO,PENDENTE,
7144,City Rescue Policia,tópi,RODA LIVRE,,O City Rescue Polícia é ideal para crianças que adoram missões de patrulha e aventuras cheias de ação.,,Possui som e luz para maior realismo | Estimula imaginação e criatividade | Incentiva coordenação motora | Ideal para brincadeiras de patrulha,"Crianças a partir de 3 anos que gostam de carros de polícia, veículos de emergência e aventuras cheias de ação.",material=Plástico | cor=Vermelho | genero=Menino | idade=+ 3 Anos | conteudo_caixa=1 carro de policia | ncm=9503.00.98 | dun=2789648417144-5 | produto_mm=195x80x80 | caixa=6un/2.292kg | peso=0.168kg,ESPECIFICA,https://cardosotoys.com.br/topi/produtos/city-rescue-policia/,(sem fonte),CONFIRMADO,NAO_ENCONTRADO,PENDENTE,
7148,Dinocar Com Acessórios,tópi,RODA LIVRE,,O Dinocar com Acessórios transforma a brincadeira em uma verdadeira aventura pré-histórica.,,Possui som e luz para maior interatividade | Estimula imaginação e criatividade | Acompanha diversos acessórios temáticos | Desenvolve coordenação motora,"Crianças a partir de 3 anos que gostam de dinossauros, aventuras jurássicas e veículos temáticos com acessórios.","material=Plástico | cor=Verde | genero=Menino | idade=+ 3 Anos | conteudo_caixa=1 dinocar
4 mini dinossauros
1 cerca
1 palmeira
1 ovo
1 pedra
1 tronco | ncm=9503.00.80 | dun=2789648417148-3 | produto_mm=310x110x140 | caixa=6un/2.604kg | peso=0.222kg",ESPECIFICA,https://cardosotoys.com.br/topi/produtos/dinocar-com-acessorios/,(sem fonte),CONFIRMADO,NAO_ENCONTRADO,PENDENTE,
7149,Soft Car Musical,playmi,PLAY&LEARN,,"O Soft Car Musical foi desenvolvido para unir movimento, som e estímulo sensorial em um único brinquedo.",As luzes piscam | Carro com fricção | Música e Sons | Vinil com toque macio,,Crianças a partir de 18 meses que estão desenvolvendo habilidades motoras e explorando estímulos sonoros e visuais.,"material=PLASTICO | cor=AZUL | genero=MENINO | idade=+ 18 Meses | conteudo_caixa=1 carrinho eletrônico com luzes, sons e fricção | ncm=9503.00.99 | dun=2789648417149-0 | produto_mm=120x110x130 | caixa=6un/1752kg | peso=0.193kg",ESPECIFICA,https://cardosotoys.com.br/playmi/produtos/soft-car-musical/,https://cardosotoys.com.br/playmi/produtos/soft-car-musical/,CONFIRMADO,CONFIRMADO,PENDENTE,
7150,Soft Truck Betoneira Musical,playmi,PLAY&LEARN,,"O Soft Truck Betoneira Musical combina movimento, som e estímulo sensorial para tornar a brincadeira ainda mais dinâmica.",As luzes piscam | Carro com fricção | Música e Sons | Vinil com toque macio,,Crianças a partir de 18 meses que estão desenvolvendo habilidades motoras e explorando estímulos sonoros e visuais.,"material=PLASTICO | cor=AMARELO | genero=MENINO | idade=+ 18 Meses | conteudo_caixa=1 carrinho eletrônico com luzes, sons e fricção | ncm=9503.00.99 | dun=2789648417150-6 | produto_mm=120x110x130 | caixa=6un/1920kg | peso=0.193kg",ESPECIFICA,https://cardosotoys.com.br/playmi/produtos/truck-betoneira-musical/,https://cardosotoys.com.br/playmi/produtos/truck-betoneira-musical/,CONFIRMADO,CONFIRMADO,PENDENTE,
7151,Soft Truck Caçamba Musical,playmi,PLAY&LEARN,,O Soft Truck Caçamba Musical foi desenvolvido para levar movimento e estímulo sensorial às primeiras aventuras da infância.,As luzes piscam | Carro com fricção | Música e Sons | Vinil com toque macio,,Crianças a partir de 18 meses que estão desenvolvendo habilidades motoras e explorando sons e estímulos visuais.,"material=PLASTICO | cor=VERMELHO/VERDE | genero=MENINO | idade=+ 18 Meses | conteudo_caixa=1 carrinho eletrônico com luzes, sons e fricção | ncm=9503.00.99 | dun=2789648417151-3 | produto_mm=120x110x130 | caixa=6un/1908kg | peso=0.193kg",ESPECIFICA,https://cardosotoys.com.br/playmi/produtos/soft-truck-cacamba-musical/,https://cardosotoys.com.br/playmi/produtos/soft-truck-cacamba-musical/,CONFIRMADO,CONFIRMADO,PENDENTE,
7152,Soft Truck Reboque Musical,playmi,PLAY&LEARN,,O Soft Truck Reboque Musical foi desenvolvido para transformar a brincadeira em uma experiência cheia de movimento e estímulo sensorial.,As luzes piscam | Carro com fricção | Música e Sons | Vinil com toque macio,,Crianças a partir de 18 meses que estão desenvolvendo habilidades motoras e explorando estímulos sonoros e visuais.,"material=PLASTICO | cor=AZUL | genero=MENINO | idade=+ 18 Meses | conteudo_caixa=1 carrinho eletrônico com luzes, sons e fricção | ncm=9503.00.99 | dun=2789648417152-0 | produto_mm=120x110x130 | caixa=6un/1878kg | peso=0.193kg",ESPECIFICA,https://cardosotoys.com.br/playmi/produtos/soft-truck-reboque-musical/,https://cardosotoys.com.br/playmi/produtos/soft-truck-reboque-musical/,CONFIRMADO,CONFIRMADO,PENDENTE,
7153,Dino Betoneira Musical,playmi,PLAY&LEARN,,O Dino Betoneira Musical une o universo dos dinossauros com o mundo da construção em uma experiência divertida e cheia de estímulos.,As luzes piscam | Com movimento divertido | Música e Sons | Sai em disparada,,Crianças a partir de 12 meses que estão iniciando o desenvolvimento motor e explorando sons e estímulos visuais.,material=PLASTICO | cor=AZUL/VERMELHO | genero=MENINO | idade=+ 12 Meses | conteudo_caixa=1 carrinho dinossauro betoneira eletrônico | ncm=9503.00.98 | dun=2789648417153-7 | produto_mm=150x90x130 | caixa=6un/2232kg | peso=0.263kg,ESPECIFICA,https://cardosotoys.com.br/playmi/produtos/dino-betoneira-musical/,https://cardosotoys.com.br/playmi/produtos/dino-betoneira-musical/,CONFIRMADO,CONFIRMADO,PENDENTE,
7154,Dino Caçamba Musical,playmi,PLAY&LEARN,,O Dino Caçamba Musical combina o universo dos dinossauros com a diversão dos veículos de construção em uma experiência cheia de estímulos.,As luzes piscam | Com movimento divertido | Música e Sons | Sai em disparada,,Crianças a partir de 12 meses que estão iniciando o desenvolvimento motor e explorando sons e estímulos visuais.,material=PLASTICO | cor=LARANJA/VERDE | genero=MENINO | idade=+ 12 Meses | conteudo_caixa=1 carrinho dinossauro caçamba eletrônico | ncm=9503.00.98 | dun=2789648417154-4 | produto_mm=150x90x130 | caixa=6un/2388kg | peso=0.263kg,ESPECIFICA,https://cardosotoys.com.br/playmi/produtos/dino-cacamba-musical/,https://cardosotoys.com.br/playmi/produtos/dino-cacamba-musical/,CONFIRMADO,CONFIRMADO,PENDENTE,
7155,Dino Ecológico Musical,playmi,PLAY&LEARN,,"O Dino Ecológico Musical une diversão, aprendizado e consciência ambiental em uma única experiência.",As luzes piscam | Com movimento divertido | Música e Sons | Sai em disparada,,Crianças a partir de 12 meses que estão iniciando o desenvolvimento motor e explorando estímulos sonoros e visuais.,material=PLASTICO | cor=VERDE/AZUL | genero=MENNO | idade=+ 12 meses | conteudo_caixa=1 carrinho dinossauro coleta eco eletrônico | ncm=9503.00.98 | dun=2789648417155-1 | produto_mm=150x90x130 | caixa=6un/2358kg | peso=0.263kg,ESPECIFICA,https://cardosotoys.com.br/playmi/produtos/dino-ecologico-musical/,https://cardosotoys.com.br/playmi/produtos/dino-ecologico-musical/,CONFIRMADO,CONFIRMADO,PENDENTE,
7156,Dino Escavadeira Musical,playmi,PLAY&LEARN,,O Dino Escavadeira Musical é a combinação perfeita entre dinossauro e veículo de construção.,As luzes piscam | Com movimento divertido | Música e Sons | Sai em disparada,Possui som e luz | Estimula percepção sensorial | Desenvolve coordenação motora | Design divertido em formato de dinossauro,Crianças a partir de 12 meses que gostam de dinossauros e brinquedos interativos.,material=PLASTICO | cor=AMARELO | genero=MENINO | idade=+ 12 Meses | conteudo_caixa=1 carrinho dinossauro escavadeira eletrônico | ncm=9503.00.98 | dun=2789648417156-8 | produto_mm=150x90x130 | caixa=6un/2232kg | peso=0.263kg,ESPECIFICA,https://cardosotoys.com.br/playmi/produtos/dino-escavadeira-musical/,https://cardosotoys.com.br/playmi/produtos/dino-escavadeira-musical/,CONFIRMADO,CONFIRMADO,PENDENTE,
7157,Bi-Bi Blum Didático,playmi,PLAY&LEARN,,O Bi-Bi Blum Didático foi desenvolvido para estimular o aprendizado através da brincadeira ativa.,As luzes piscam | Engrenagem que giram | Escorregador de carrinhos | Gira-gira com expressões | Música e Sons,,Crianças a partir de 12 meses que estão desenvolvendo habilidades motoras e iniciando o reconhecimento de formas e interações simples.,material=PLASTICO | cor=azul | genero=Menino | idade=+ 18 Meses | conteudo_caixa=1 caminhãozinho eletrônico e 4 carrinhos que se encaixam no caminhão | ncm=9503.00.98 | dun=2789648417157-5 | produto_mm=250x90x210 | caixa=6un/4284kg | peso=0.493kg,ESPECIFICA,https://cardosotoys.com.br/playmi/produtos/bi-bi-blum-didatico/,https://cardosotoys.com.br/playmi/produtos/bi-bi-blum-didatico/,CONFIRMADO,CONFIRMADO,PENDENTE,
7158,Dino Ritmo Divertido,playmi,PLAY&LEARN,Movimentos divertidos!,"O Dino Ritmo Divertido foi desenvolvido para estimular o ritmo, a coordenação e a interação na primeira infância.",As luzes piscam | Com movimento divertido | Música e Sons,,Crianças a partir de 12 meses que estão desenvolvendo habilidades motoras e explorando sons e ritmo.,"material=PLASTICO | cor=VERDE/LARANJA | genero=Unissex | idade=+ 18 Meses | conteudo_caixa=1 Dinossauro eletrônico com sons, luzes e movimento. | ncm=9503.00.98 | dun=2789648417158-2 | produto_mm=110x130x290 | caixa=6un/6960kg | peso=0.775kg",ESPECIFICA,https://cardosotoys.com.br/playmi/produtos/dino-ritmo-divertido/,https://cardosotoys.com.br/playmi/produtos/dino-ritmo-divertido/,CONFIRMADO,CONFIRMADO,PENDENTE,"DESCRICAO_EXISTENTE — preservada, nao substituir"
7159,Bateria Show Musical Azul,playmi,PLAY&LEARN,,A Bateria Show Musical Azul foi desenvolvida para despertar o ritmo e a criatividade na primeira infância.,As luzes piscam | Microfone | Música e Sons,,,"material=PLASTICO | cor=AZUL | genero=Menino | idade=+ 18 Meses | conteudo_caixa=1 Instrumento musical eletrônico 
1 microfone | ncm=9503.00.99 | dun=2789648417159-9 | produto_mm=300x150x180 | caixa=6un/5400kg | peso=0.438kg",ESPECIFICA,https://cardosotoys.com.br/playmi/produtos/bateria-show-musical-azul/,https://cardosotoys.com.br/playmi/produtos/bateria-show-musical-azul/,CONFIRMADO,CONFIRMADO,PENDENTE,
7160,Xilofone Didático,playmi,PLAY&LEARN,,O Xilofone Didático foi desenvolvido para introduzir a criança ao universo musical de forma educativa e divertida.,Escorregador de bolinhas | Letras | Números | Vem com martelo,,Crianças a partir de 12 meses que estão desenvolvendo habilidades motoras e iniciando a exploração musical.,"material=PLASTICO | cor=BRANCO/AZUL | genero=Unissex | idade=+ 18 Meses | conteudo_caixa=1 Xilofone, 1 martelo e 3 bolinhas | ncm=9503.00.99 | dun=2789648417160-5 | produto_mm=240x160x120 | caixa=6un/4356kg | peso=0.563kg",ESPECIFICA,https://cardosotoys.com.br/playmi/produtos/xilofone-didatico/,https://cardosotoys.com.br/playmi/produtos/xilofone-didatico/,CONFIRMADO,CONFIRMADO,PENDENTE,
7161,Fire Rescue Bombeiro,tópi,RODA LIVRE,,O Fire Rescue Bombeiro é o caminhão ideal para pequenas missões de salvamento cheias de ação.,,Movido a fricção para mais dinamismo | Possui som e luz para maior realismo | Estimula imaginação e criatividade | Desenvolve coordenação motora,"Crianças a partir de 3 anos que gostam de caminhões de bombeiro, aventuras de resgate e brincadeiras com efeitos sonoros e luminosos.","material=PLASTICO | cor=VERMELHO | genero=MENINO | idade=+ 3 Anos | conteudo_caixa=1 Caminhão eletrônico com sons e luzes, movido a fricção | ncm=9503.00.98 | dun=2789648417161-2 | produto_mm=190x80x90 | caixa=6un/1.848kg | peso=0.149kg",ESPECIFICA,https://cardosotoys.com.br/topi/produtos/fire-rescue-bombeiro/,(sem fonte),CONFIRMADO,NAO_ENCONTRADO,PENDENTE,
7162,Fire Rescue Polícia,tópi,RODA LIVRE,,O Fire Rescue Polícia é o veículo ideal para missões de patrulha cheias de ação e emoção.,,Movido a fricção para mais dinamismo | Possui som e luz para maior realismo | Estimula imaginação e criatividade | Desenvolve coordenação motora,"Crianças a partir de 3 anos que gostam de carros de polícia, aventuras de patrulha e brinquedos com efeitos sonoros e luminosos.","material=PLASTICO | cor=BRANCO | genero=MENINO | idade=+ 3 Anos | conteudo_caixa=1 carrinho eletrônico com sons e luzes, movido a fricção | ncm=9503.00.98 | dun=2789648417162-9 | produto_mm=180x80x50 | caixa=6un/1.848kg | peso=0.136kg",ESPECIFICA,https://cardosotoys.com.br/topi/produtos/fire-rescue-policia/,(sem fonte),CONFIRMADO,NAO_ENCONTRADO,PENDENTE,
7163,Travel Driver Bus Amarelo,tópi,RODA LIVRE,,O Travel Driver Bus Amarelo é perfeito para crianças que adoram viagens e aventuras sobre rodas.,,Movido a fricção para mais dinamismo | Possui som e luz para maior realismo | Estimula imaginação e criatividade | Incentiva coordenação motora,"Crianças a partir de 3 anos que gostam de ônibus, viagens e brinquedos com efeitos sonoros e luminosos.","material=PLASTICO | cor=AMARELO | genero=MENINO | idade=+ 3 Anos | conteudo_caixa=1 Ônibus eletrônico com sons e luzes, movido a fricção | ncm=9503.00.98 | dun=2789648417163-6 | produto_mm=270x60x70 | caixa=6un/2.496kg | peso=0.247kg",ESPECIFICA,https://cardosotoys.com.br/topi/produtos/travel-driver-bus-amarelo/,(sem fonte),CONFIRMADO,NAO_ENCONTRADO,PENDENTE,
7164,Travel Driver Bus Vermelho,tópi,RODA LIVRE,,O Travel Driver Bus Vermelho é perfeito para crianças que adoram aventuras sobre rodas e histórias cheias de movimento.,,Movido a fricção para mais dinamismo | Possui som e luz para maior realismo | Estimula imaginação e criatividade | Incentiva coordenação motora,"Crianças a partir de 3 anos que gostam de ônibus, viagens e brinquedos com efeitos sonoros e luminosos.","material=PLASTICO | cor=VERMELHO | genero=MENINO | idade=+ 3 Anos | conteudo_caixa=1 Ônibus eletrônico com sons e luzes, movido a fricção | ncm=9503.00.98 | dun=2789648417164-3 | produto_mm=270x60x70 | caixa=6un/2.496kg | peso=0.247kg",ESPECIFICA,https://cardosotoys.com.br/topi/produtos/travel-driver-bus-vermelho/,(sem fonte),CONFIRMADO,NAO_ENCONTRADO,PENDENTE,
7165,T-Rex Relâmpago,tópi,RODA LIVRE,,O T-Rex Relâmpago é a combinação perfeita entre dinossauro e velocidade.,,Tema dinossauro que estimula a imaginação | Acompanha disparador para mais ação | Desenvolve coordenação motora | Incentiva criatividade e brincadeira ativa,"Crianças a partir de 3 anos que gostam de dinossauros, carrinhos e brinquedos com ação de disparo.","material=PLASTICO | cor=VERDE | genero=MENINO | idade=+ 3 Anos | conteudo_caixa=1 Caminhão dinossauro, 
1 carrinho, 
1 disparador | ncm=9503.00.80 | dun=3789648417165-7 | produto_mm=180x50x80 | caixa=8un/1.416kg | peso=0.163kg",ESPECIFICA,https://cardosotoys.com.br/topi/produtos/t-rex-relampago/,(sem fonte),CONFIRMADO,NAO_ENCONTRADO,PENDENTE,
7171,Display Robô-Blocks Serviço,tópi,RODA LIVRE,,"O Display Robô-Blocks Serviço é ideal para compor exposições atrativas no ponto de venda, reunindo modelos de blocos de montar com temática de serviço.",,Estimula raciocínio lógico | Desenvolve coordenação motora fina | Incentiva criatividade e imaginação | Ideal para exposição no PDV,"Crianças a partir de 3 anos que gostam de montar, criar robôs e explorar diferentes combinações de blocos.",material=PLASTICO | genero=MENINO | idade=+ 3 Anos | ncm=9503.00.60 | dun=2789648417171-1 | caixa=72un/6.912kg,ESPECIFICA,https://cardosotoys.com.br/topi/produtos/display-robo-blocks-servico/,(sem fonte),CONFIRMADO,NAO_ENCONTRADO,PENDENTE,
7172 - A,Robô-Blocks Serviço Varredor - 46 Peças,tópi,RODA LIVRE,,O Robô-Blocks Serviço Varredor – 46 Peças é um brinquedo 2 em 1 que permite montar um caminhão varredor ou transformá-lo em robô.,,2 opções de montagem: caminhão ou robô | Sistema de fricção para mais movimento | Desenvolve raciocínio lógico | Estimula coordenação motora fina | Incentiva criatividade e imaginação,"Crianças a partir de 3 anos que gostam de montar, desmontar, criar robôs e veículos de serviço.","material=PLASTICO | cor=CINZA/VERDE | genero=MENINO | idade=+ 3 Anos | conteudo_caixa=41 blocos de montar (varios formatos), 
01 conjunto fricção com 02 rodinhas montadas, 
02 rodinhas montadas em eixo de metal. 
Manual para duas opções de montagem, um caminhão ou um robo. | dun=8789648417172-0 | produto_mm=140x40x110 | caixa=18un/xkg | peso=0.64kg",ESPECIFICA,https://cardosotoys.com.br/topi/produtos/robo-blocks-servico-varredor-46-pecas/,(sem fonte),CONFIRMADO,NAO_ENCONTRADO,PENDENTE,
7173 - B,Robô-Blocks Serviço Delivery - 45 Peças,tópi,RODA LIVRE,,O Robô-Blocks Serviço Delivery – 45 Peças é um brinquedo versátil que permite montar um caminhão de entrega ou transformá-lo em robô.,,2 opções de montagem: caminhão ou robô | Sistema de fricção para mais movimento | Desenvolve raciocínio lógico | Estimula coordenação motora fina | Incentiva criatividade e imaginação,"Crianças a partir de 3 anos que gostam de montar veículos, criar robôs e brincar com temas de serviço e entrega.","material=PLASTICO | cor=AMARELO | genero=MENINO | idade=+ 3 Anos | conteudo_caixa=40 blocos de montar (varios formatos), 
01 conjunto fricção com 02 rodinhas montadas, 
02 rodinhas montadas em eixo de metal. 
Manual para duas opções de montagem, um caminhão ou um robo. | ncm=9503.00.60 | dun=8789648417173-7 | produto_mm=140x40x110 | caixa=18un/xkg | peso=0.64kg",ESPECIFICA,https://cardosotoys.com.br/topi/produtos/robo-blocks-servico-delivery-45-pecas/,(sem fonte),CONFIRMADO,NAO_ENCONTRADO,PENDENTE,
7174 - C,Robô-Blocks Serviço Caminhão Pipa - 45 Peças,tópi,RODA LIVRE,,O Robô-Blocks Serviço Caminhão Pipa – 45 Peças é um brinquedo construtivo 2 em 1 que permite montar um caminhão pipa ou transformá-lo em robô.,,2 opções de montagem: caminhão pipa ou robô | Sistema de fricção para mais movimento | Desenvolve raciocínio lógico | Estimula coordenação motora fina | Incentiva criatividade e imaginação,"Crianças a partir de 3 anos que gostam de montar veículos de serviço, criar robôs e explorar diferentes possibilidades de construção.","material=PLASTICO | cor=AZUL/BRANCO | genero=MENINO | idade=+ 3 Anos | conteudo_caixa=40 blocos de montar (varios formatos), 
01 conjunto fricção com 02 rodinhas montadas, 
02 rodinhas montadas em eixo de metal. 
Manual para duas opções de montagem, um caminhão ou um robo. | dun=8789648417174-4 | produto_mm=140x40x110 | caixa=18un/xkg | peso=0.64kg",ESPECIFICA,https://cardosotoys.com.br/topi/produtos/robo-blocks-servico-caminhao-pipa-45-pecas/,(sem fonte),CONFIRMADO,NAO_ENCONTRADO,PENDENTE,
7175 - D,Robô-Blocks Serviço Ambulãncia- 47 Peças,tópi,RODA LIVRE,,O Robô-Blocks Serviço Ambulância – 47 Peças é um brinquedo construtivo 2 em 1 que permite montar uma ambulância ou transformá-la em robô.,,2 opções de montagem: ambulância ou robô | Sistema de fricção para mais movimento | Inclui etiquetas adesivas para personalização | Desenvolve raciocínio lógico | Estimula coordenação motora fina,"Crianças a partir de 3 anos que gostam de montar veículos de emergência, criar robôs e explorar diferentes possibilidades de construção.","material=PLASTICO | cor=BRANCO/VERMELHO | genero=MENINO | idade=+ 3 Anos | conteudo_caixa=42 blocos de montar (varios formatos), 
01 conjunto fricção com 02 rodinhas montadas, 
02 rodinhas montadas em eixo de metal. 
Manual para duas opções de montagem, um caminhão ou um robo, 
01 cartela etiquetas adesivas. | ncm=9503.00.60 | dun=8789648417175-1 | produto_mm=140x40x110 | caixa=18un/xkg | peso=0.64kg",ESPECIFICA,https://cardosotoys.com.br/topi/produtos/robo-blocks-servico-ambulancia-47-pecas/,(sem fonte),CONFIRMADO,NAO_ENCONTRADO,PENDENTE,
7176,Display Robô-Blocks Corrida,tópi,RODA LIVRE,,"O Display Robô-Blocks Corrida é ideal para exposição no ponto de venda, reunindo modelos de blocos de montar com temática de corrida.",,Estimula raciocínio lógico | Desenvolve coordenação motora fina | Incentiva criatividade e imaginação | Ideal para exposição no PDV,Crianças a partir de 3 anos que gostam de montar veículos de corrida e criar robôs com blocos de construção.,material=PLASTICO | genero=MENINO | idade=+ 3 Anos | ncm=9503.00.60 | dun=2789648417176-6 | caixa=72un/6.552kg,ESPECIFICA,https://cardosotoys.com.br/topi/produtos/display-robo-blocks-corrida/,(sem fonte),CONFIRMADO,NAO_ENCONTRADO,PENDENTE,
7177 - A,Robô-Blocks Corrida F-Car-53 Peças,tópi,RODA LIVRE,,O Robô-Blocks Corrida F-Car – 53 Peças é um brinquedo construtivo 2 em 1 que permite montar um carro de corrida ou transformá-lo em robô.,,2 opções de montagem: carro de corrida ou robô | Sistema de fricção para mais movimento | Desenvolve raciocínio lógico | Estimula coordenação motora fina | Incentiva criatividade e imaginação,"Crianças a partir de 3 anos que gostam de carros de corrida, velocidade e brinquedos de montar com transformação.","material=PLASTICO | cor=LARANJA | genero=MENINO | idade=+ 3 Anos | conteudo_caixa=54 blocos de montar (varios formatos), 
01 conjunto fricção com 02 rodinhas montadas, 
02 rodinhas montadas em eixo de metal. 
Manual para duas opções de montagem, um carro de corridas ou um robô. | ncm=9503.00.60 | dun=8789648417177-5 | produto_mm=140x40x110 | caixa=18un/xkg | peso=0.64kg",ESPECIFICA,https://cardosotoys.com.br/topi/produtos/robo-blocks-corrida-f-car-53-pecas/,(sem fonte),CONFIRMADO,NAO_ENCONTRADO,PENDENTE,
7178 - B,Robô-Blocks Corrida F-Road - 59 Peças,tópi,RODA LIVRE,,O Robô-Blocks Corrida F-Road – 59 Peças é um brinquedo construtivo 2 em 1 que permite montar um carro off road ou transformá-lo em robô.,,2 opções de montagem: carro off road ou robô | Sistema de fricção para mais movimento | Desenvolve raciocínio lógico | Estimula coordenação motora fina | Incentiva criatividade e imaginação,"Crianças a partir de 3 anos que gostam de carros off road, desafios de corrida e brinquedos de montar com transformação.","material=PLASTICO | cor=VERMELHO | genero=MENINO | idade=+ 3 Anos | conteudo_caixa=43 blocos de montar (varios formatos), 
07 eixos plásticos curtos, 
02 eixos plasticos longos com terminal conico, 
02 suportes, 
01 conjunto fricção com 02 rodinhas montadas, 
02 rodinhas montadas em eixo de metal. 
Manual para duas opções de montagem, um carro off road ou um robô. | dun=8789648417178-2 | produto_mm=140x40x110 | caixa=18un/xkg | peso=0.64kg",ESPECIFICA,https://cardosotoys.com.br/topi/produtos/robo-blocks-corrida-f-road-59-pecas/,(sem fonte),CONFIRMADO,NAO_ENCONTRADO,PENDENTE,
7179 - C,Robô-Blocks Corrida F- Quadri - 42 Peças,tópi,RODA LIVRE,,O Robô-Blocks Corrida F-Quadri – 42 Peças é um brinquedo construtivo 2 em 1 que permite montar um quadriciclo ou transformá-lo em robô.,,2 opções de montagem: quadriciclo ou robô | Sistema de fricção para mais movimento | Desenvolve raciocínio lógico | Estimula coordenação motora fina | Incentiva criatividade e imaginação,"Crianças a partir de 3 anos que gostam de veículos radicais, quadriciclos e brinquedos de montar com transformação.","material=PLASTICO | cor=AMARELO | genero=MENINO | idade=+ 3 Anos | conteudo_caixa=34 blocos de montar (varios formatos), 
01 para-choques, 
02 eixos plásticos, 
01 conjunto fricção com 02 rodinhas, 
02 rodinhas soltas. 
Manual para duas opções de montagem, um quadriciclo ou um robô. | dun=8789648417179-9 | produto_mm=140x40x110 | caixa=18un/xkg | peso=0.64kg",ESPECIFICA,https://cardosotoys.com.br/topi/produtos/robo-blocks-corrida-f-quadri-42-pecas/,(sem fonte),CONFIRMADO,NAO_ENCONTRADO,PENDENTE,
7180 - D,Robô-Blocks Corrida F- Run - 65 Peças,tópi,RODA LIVRE,,O Robô-Blocks Corrida F-Run – 65 Peças é um brinquedo construtivo 2 em 1 que permite montar uma moto ou transformá-la em robô.,,2 opções de montagem: moto ou robô | Estimula raciocínio lógico | Desenvolve coordenação motora fina | Incentiva criatividade e imaginação | Experiência completa com 65 peças,"Crianças a partir de 3 anos que gostam de motos, velocidade e brinquedos de montar com transformação.","material=PLASTICO | cor=VERDE | genero=MENINO | idade=+ 3 Anos | conteudo_caixa=59 blocos de montar (varios formatos), 
04 eixos plásticos, 
02 pneus. 
Manual para duas opções de montagem, uma moto ou um robô. | dun=8789648417180-5 | produto_mm=140x40x110 | caixa=18un/xkg | peso=0.64kg",ESPECIFICA,https://cardosotoys.com.br/topi/produtos/robo-blocks-corrida-f-run-65-pecas/,(sem fonte),CONFIRMADO,NAO_ENCONTRADO,PENDENTE,
7181,Doce Cozinha Plus Brincando de Cozinhar,playmi,PLAY&IMAGINE,,A Doce Cozinha Plus Brincando de Cozinhar é ideal para crianças que gostam de assumir o papel de chef.,Faz de conta,Estimula criatividade e autonomia | Incentiva organização e responsabilidade | Desenvolve coordenação motora | Ideal para simular preparo de refeições,"Crianças + 3 anos em fase de desenvolvimento da imaginação, coordenação motora e habilidades sociais por meio do faz de conta.","material=PLASTICO | cor=ROSA | genero=MENINA | idade=+ 3 Anos | conteudo_caixa=Fogãozinho de 1 boca com grelha e botão, 
2 panelinhas com tampa, 
3 talheres grandes, 
1 escorredor, 
4 alimentos, 
1 toalha de papel | ncm=9503.00.80 | dun=2789648417181-0 | produto_mm=360x60x230 | caixa=6un/2.022kg | peso=0.284kg",ESPECIFICA,https://cardosotoys.com.br/playmi/produtos/doce-cozinha-plus-brincando-de-cozinhar/,https://cardosotoys.com.br/playmi/produtos/doce-cozinha-plus-brincando-de-cozinhar/,CONFIRMADO,CONFIRMADO,PENDENTE,
7182,Doce Cozinha Plus Grill,playmi,PLAY&IMAGINE,,"A Doce Cozinha Plus Grill permite que a criança simule o preparo de alimentos na chapa, tornando a brincadeira ainda mais dinâmica e realista.",Faz de conta,Estimula imaginação no preparo de alimentos | Desenvolve coordenação motora | Incentiva organização | Ideal para simular grelhados,Crianças + 3 anos que gostam de brincar de cozinhar e explorar diferentes formas de preparo de alimentos no universo do faz de conta.,"material=PLASTICO | cor=ROSA | genero=MENINA | idade=+ 3 Anos | conteudo_caixa=1 Chapa,
3 Talheres grandes que imitam madeira, 
2 pratinhos, 
2 facas, 
2 colheres, 
2 garfos, 
2 canecas, 
1 saleiro,
1 ovo frito, 
1 toalha de papel | ncm=9503.00.80 | dun=2789648417182-7 | produto_mm=360x60x230 | caixa=6un/2.88kg | peso=0.385kg",ESPECIFICA,https://cardosotoys.com.br/playmi/produtos/doce-cozinha-plus-grill/,https://cardosotoys.com.br/playmi/produtos/doce-cozinha-plus-grill/,CONFIRMADO,CONFIRMADO,PENDENTE,
7183,Doce Cozinha Plus Sandwich,playmi,PLAY&IMAGINE,,"A doce cozinha plus sandwich da linha play&imagine é um brinquedo da categoria faz de conta, desenvolvido para estimular a imaginação e a criatividade.",Faz de conta,Estimula a imaginação | Incentiva a criatividade | Desenvolve habilidades sociais | Ideal para brincadeiras de faz de conta,Crianças + 3 anos em fase de desenvolvimento da imaginação e interação social por meio do faz de conta.,"material=PLASTICO | cor=ROSA | genero=MENINA | idade=+ 3 Anos | conteudo_caixa=2 frigideiras
 1 Pão de forma
 1 Hamburgue
 1 folha de Alface
 1 Ovo frito
 1 Tubo de ketchup
 3 talheres que imitam madeira, 
1 toalha de papel | ncm=9503.00.80 | dun=2789648417183-4 | produto_mm=360x60x230 | caixa=6un/1.962kg | peso=0.271kg",ESPECIFICA,https://cardosotoys.com.br/playmi/produtos/doce-cozinha-plus-sandwich/,https://cardosotoys.com.br/playmi/produtos/doce-cozinha-plus-sandwich/,CONFIRMADO,CONFIRMADO,PENDENTE,
7184,Studio Fashion Celebridades Corte&Escova,playmi,PLAY&IMAGINE,,"A Doce Cozinha Plus Sandwich estimula a criança a montar seu próprio lanche, incentivando criatividade e coordenação motora.",Faz de conta,Incentiva criatividade na montagem de alimentos | Desenvolve coordenação motora fina | Estimula imaginação | Ideal para simular preparo de lanches,Crianças + 3 anos que estão desenvolvendo habilidades motoras e criatividade por meio da montagem e organização de alimentos no faz de conta.,"material=PLASTICO | cor=ROSA | genero=MENINA | idade=+ 3 Anos | conteudo_caixa=1 secador eletrônico
1 bico reto
1 bico para pentear
1 difusor
1 pente
2 presilhas
2 bobs com capa
1 tesoura
1 espelho 
2 cartões | ncm=9503.00.80 | dun=2789648417184-1 | produto_mm=400x80x270 | caixa=6un/3.588kg | peso=0.283kg",GENERICA,https://cardosotoys.com.br/playmi/produtos/studio-fashion-celebridades-corteescova/,https://cardosotoys.com.br/playmi/produtos/studio-fashion-celebridades-corteescova/,CONFIRMADO,CONFIRMADO,PENDENTE,
7185,Studio Fashion Celebridades Corte&Hidratação,playmi,PLAY&IMAGINE,,O Studio Fashion Celebridades Corte&Hidratação amplia a experiência do salão ao incluir o cuidado e tratamento dos fios na brincadeira.,Faz de conta,Estimula imaginação e cuidado pessoal | Desenvolve coordenação motora | Incentiva criatividade em tratamentos capilares | Experiência interativa com vento,Crianças + 3 anos que gostam de simular rotinas de cuidado e explorar o universo do salão de beleza.,"material=PLASTICO | cor=ROSA | genero=MENINA | idade=+ 3 Anos | conteudo_caixa=1 secador eletrônico
1 bico reto
1 difusor
1 tesoura
1 pente
2 presilhas
2 bobs com capa
1 bisnaga de creme
1 espelho 
2 cartões | ncm=9503.00.80 | dun=2789648417185-8 | produto_mm=400x80x270 | caixa=6un/3.51kg | peso=0.283kg",ESPECIFICA,https://cardosotoys.com.br/playmi/produtos/studio-fashion-celebridades-cortehidratacao/,https://cardosotoys.com.br/playmi/produtos/studio-fashion-celebridades-cortehidratacao/,CONFIRMADO,CONFIRMADO,PENDENTE,
7186,Studio Fashion Celebridades Escova&Penteado,playmi,PLAY&IMAGINE,,O Studio Fashion Celebridades Escova&Penteado permite criar diferentes estilos e penteados durante a brincadeira.,Faz de conta,Incentiva criatividade na criação de penteados | Desenvolve coordenação motora fina | Estimula imaginação | Experiência mais realista com vento,Crianças + 3 anos que gostam de criar estilos e explorar o universo fashion por meio do faz de conta.,"material=PLASTICO | cor=ROSA | genero=MENINA | idade=+ 3 Anos | conteudo_caixa=1 secador eletrônico
1 bico reto
1 bico para pentear
1 difusor
1 pente
2 presilhas
2 bobs com capa
1 frasco com bomba de Água
1 espelho 
2 cartões | ncm=9503.00.80 | dun=2789648417186-5 | produto_mm=400x80x270 | caixa=6un/3.588kg | peso=0.283kg",ESPECIFICA,https://cardosotoys.com.br/playmi/produtos/studio-fashion-celebridades-escovapenteado/,https://cardosotoys.com.br/playmi/produtos/studio-fashion-celebridades-escovapenteado/,CONFIRMADO,CONFIRMADO,PENDENTE,
7189,Tópi Blocos de Montar 130 Peças,tópi,PRIMEIRA INFÂNCIA,,"O Tópi Blocos de Montar 130 Peças é um kit completo para crianças que adoram criar, montar e imaginar.",,Estimula criatividade e imaginação | Desenvolve coordenação motora fina | Incentiva raciocínio lógico | Permite múltiplas possibilidades de montagem,"Crianças a partir de 3 anos que gostam de montar, criar e explorar novas possibilidades através dos blocos.","material=Plástico | cor=COLORIDO | genero=Unissex | idade=+ 3 Anos | conteudo_caixa=01 placa base para encaixes
01 corpo avião
01 hélice avião
02 cercas
01 cone
01 pç telhado
12 rodinhas
06 blocos com 2 pinos
02 blocos com 8 pinos
03 blocos com 4 pinos
03 blocos frente abaulada com 4 pinos
03 blocos frente chanfrada 2 pinos
02 chassi carro
01 bloco carreta com 12 pinos
01 cartela etiquetas
01 manual com modelos para montar. | ncm=9503.00.60 | dun=27896484171896 | produto_mm=270x40x350 | caixa=6un/2.718kg | peso=0.39kg",ESPECIFICA,https://cardosotoys.com.br/topi/produtos/topi-blocos-de-montar-130-pecas/,(sem fonte),CONFIRMADO,NAO_ENCONTRADO,PENDENTE,
7190,Tópi Blocos de Montar 39 Peças com Base,tópi,PRIMEIRA INFÂNCIA,,O Tópi Blocos de Montar 39 Peças com Base é ideal para crianças que adoram construir e explorar novas possibilidades.,,Estimula criatividade e imaginação | Desenvolve coordenação motora fina | Incentiva raciocínio lógico | Base para encaixe que facilita a montagem,"Crianças a partir de 3 anos que gostam de montar, criar estruturas e brincar com blocos.","material=Plástico | cor=COLORIDO | genero=Unissex | idade=+ 3 Anos | conteudo_caixa=01 locomotiva
01 teto locomotiva
08 blocos carreta
36 rodas
24 blocos 8 pinos
60 blocos 4 pinos
01 cartela de adesivos
01 manual com modelos para montar. | ncm=9503.00.60 | dun=27896484171902 | produto_mm=320x70x330 | caixa=6un/2.676kg | peso=0.385kg",ESPECIFICA,https://cardosotoys.com.br/topi/produtos/topi-blocos-de-montar-39-pecas-com-base/,(sem fonte),CONFIRMADO,NAO_ENCONTRADO,PENDENTE,
7191,Patinete Azul Decorado,playmi,PLAY&RIDE,,O Patinete Azul Decorado é ideal para crianças que já desenvolveram maior equilíbrio e controle corporal.,3 Rodas | Dobrável | Regulagem de altura | Roda com luzes,Desenvolve equilíbrio dinâmico | Estimula coordenação motora | Incentiva agilidade | Possui luz decorativa | Ideal para mobilidade ativa,Crianças + 2 anos com maior controle motor.,material=PLASTICO | cor=AZUL | genero=MENINO | idade=+ 2 Anos | conteudo_caixa=1 Patinete decorado com luzes | ncm=9503.00.10 | dun=2789648417191-9 | produto_mm=550x200x770 | caixa=6un/11.34kg | peso=1.5kg,ESPECIFICA,https://cardosotoys.com.br/playmi/produtos/patinete-azul-decorado/,https://cardosotoys.com.br/playmi/produtos/patinete-azul-decorado/,CONFIRMADO,CONFIRMADO,PENDENTE,
7192,Patinete Rosa Decorado,playmi,PLAY&RIDE,,"O Patinete Rosa Decorado combina mobilidade, equilíbrio e interação visual.",3 Rodas | Dobrável | Regulagem de altura | Roda com luzes,Desenvolve coordenação | Estimula equilíbrio | Incentiva mobilidade ativa | Possui luz decorativa | Ideal para crianças mais ativas,Crianças + 2 anos.,material=PLASTICO | cor=ROSA | genero=MENINA | idade=+ 2 Anos | conteudo_caixa=1 Patinete decorado com luzes | ncm=9503.00.10 | dun=2789648417192-6 | produto_mm=550x200x770 | caixa=6un/11.34kg | peso=1.5kg,ESPECIFICA,https://cardosotoys.com.br/playmi/produtos/patinete-rosa-decorado/,https://cardosotoys.com.br/playmi/produtos/patinete-rosa-decorado/,CONFIRMADO,CONFIRMADO,PENDENTE,
7193,Electronic Parking Bombeiro,playmi,PLAY&DRIVE,Elevador eletrônico!,O Electronic Parking Bombeiro é uma pista de carros com eletrônico que transforma a brincadeira em uma verdadeira central de operações de resgate.,Acompanha 78 peças | Acompanha helicóptero | Elevador eletrônico | Luzes | Mapa da cidade,Estimula imaginação com cenários de emergência | Possui elevador motorizado com sons | Desenvolve coordenação motora e percepção espacial | Incentiva criatividade e planejamento | Estrutura completa com múltiplos acessórios e veículos,"Crianças + 3 anos que gostam de pistas de carros, veículos de resgate e brincadeiras interativas com recursos eletrônicos.","material=PLASTICO | cor=VERMELHO | genero=MENINO | idade=+ 3 Anos | conteudo_caixa=4 Plataformas
1 elevador
4 rampas curvas
1 curva plana
1 pista reta
1 heliponto
1 suporte heliponto
1 base suporte heliponto
1 acionador elevador, motorizado com sons
1 final pista
18 suportes das plataformas
11 travas fixção das piistas
1 encaixe base de suportes plataforma e elevador
1 encaixe dase de suportes plataforma simples
1 semaforo horizontal
1 semaforo vertical
1 bomba gasolina
1 radar
1 placa informação grande
1 placa informação pequena
1 barreira final pista
1 barreira de controle pista
1 conj elevador manutenção veiculos
1 bandeirola
7 placas sinalização
2 guard-rail
2 carros
1 helicoptero
2 folhas adesivos
1 mapa da cidade
1 folheto explicativo montagem. | ncm=9503.00.80 | dun=2789648417193-3 | produto_mm=600x320x670 | caixa=6un/11.784kg | peso=0.75kg",ESPECIFICA,https://cardosotoys.com.br/playmi/produtos/electronic-parking-bombeiro/,https://cardosotoys.com.br/playmi/produtos/electronic-parking-bombeiro/,CONFIRMADO,CONFIRMADO,PENDENTE,"DESCRICAO_EXISTENTE — preservada, nao substituir"
7194,Bateria Show Musical Rosa,playmi,PLAY&LEARN,,A Bateria Show Musical Rosa foi desenvolvida para despertar o ritmo e a criatividade na primeira infância.,As luzes piscam | Microfone | Música e Sons,,Crianças a partir de 18 meses que estão desenvolvendo habilidades motoras e explorando sons e ritmos.,"material=PLASTICO | cor=ROSA | genero=MENINA | idade=+ 18 Meses | conteudo_caixa=1 Instrumento musical eletrônico 
1 microfone | ncm=9503.00.99 | dun=2789648417194-0 | produto_mm=300x150x180 | caixa=6un/5400kg | peso=0.438kg",ESPECIFICA,https://cardosotoys.com.br/playmi/produtos/bateria-show-musical-rosa/,https://cardosotoys.com.br/playmi/produtos/bateria-show-musical-rosa/,CONFIRMADO,CONFIRMADO,PENDENTE,
7195,Dino Vrum Vrum Didático,playmi,PLAY&LEARN,,O Dino Vrum Vrum Didático foi desenvolvido para estimular o aprendizado através do movimento e da interação.,,,,material=Plástico | cor=Verde | genero=Unissex | idade=+ 18 meses | conteudo_caixa=01 carrinho dinossauro com acessórios fixos | ncm=9503.00.99 | dun=27896484171957 | produto_mm=330x550x245 | caixa=6un/3660kg | peso=0.61kg,ESPECIFICA,https://cardosotoys.com.br/playmi/produtos/dino-vrum-vrum-didatico/,(sem fonte),CONFIRMADO,NAO_ENCONTRADO,PENDENTE,
7196,Piano Didático Musical,playmi,PLAY&LEARN,,O Piano Didático Musical foi desenvolvido para estimular a coordenação motora e introduzir a criança ao universo musical de forma lúdica e educativa.,,,Crianças a partir de 18 meses que estão desenvolvendo habilidades motoras e iniciando a exploração musical.,material=Plástico | cor=Azul | genero=Unissex | idade=+ 12 meses | conteudo_caixa=1 piano musical | ncm=9503.00.99 | dun=27896484171964 | produto_mm=170x260x130 | caixa=6un/3660kg | peso=0.56kg,ESPECIFICA,https://cardosotoys.com.br/playmi/produtos/piano-didatico-musical/,(sem fonte),CONFIRMADO,NAO_ENCONTRADO,PENDENTE,
7197,Bateria Touch Musical Azul,playmi,PLAY&LEARN,,A Bateria Touch Musical Azul foi desenvolvida para estimular o ritmo e a coordenação de forma interativa e divertida.,,,Crianças a partir de 18 meses que estão desenvolvendo habilidades motoras e explorando sons e ritmos.,material=Plástico | cor=Azul | genero=Menino | idade=+ 12 meses | conteudo_caixa=01 Bateria 02 suportes para fixação em berço | ncm=9503.00.99 | dun=27896484171971 | produto_mm=386x460x170 | caixa=6un/3660kg | peso=0.61kg,ESPECIFICA,https://cardosotoys.com.br/playmi/produtos/bateria-touch-musical-azul/,(sem fonte),CONFIRMADO,NAO_ENCONTRADO,PENDENTE,
7198,Bateria Touch Musical Rosa,playmi,PLAY&LEARN,,A Bateria Touch Musical Rosa é um brinquedo eletrônico educativo desenvolvido para estimular os sentidos e a coordenação dos pequenos desde os primeiros anos.,,Estimula coordenação motora e percepção auditiva | Possui função touch interativa | Emite som e luz | Pode ser fixada no berço | Pilhas inclusas,"Crianças + 12 meses que estão desenvolvendo percepção sensorial, coordenação motora e interesse por sons e ritmos musicais.",material=Plástico | cor=Rosa | genero=Menina | idade=+ 12 meses | conteudo_caixa=01 Bateria 02 suportes para fixação em berço | ncm=9503.00.99 | dun=27896484171988 | produto_mm=386x460x170 | caixa=6un/kg,ESPECIFICA,https://cardosotoys.com.br/playmi/produtos/bateria-touch-musical-infantil-rosa/,(sem fonte),CONFIRMADO,NAO_ENCONTRADO,PENDENTE,
7199,Piano Touch Musical Azul,playmi,PLAY&LEARN,,O Piano Touch Musical Azul foi desenvolvido para introduzir a criança ao universo musical de forma interativa e envolvente.,,,Crianças a partir de 18 meses que estão desenvolvendo habilidades motoras e iniciando a exploração musical.,material=Plástico | cor=Azul | genero=Menino | idade=+ 12 meses | conteudo_caixa=01 piano 01 partitura em cartão | ncm=9503.00.99 | dun=27896484171995 | caixa=6un/kg,ESPECIFICA,https://cardosotoys.com.br/playmi/produtos/piano-touch-musical-azul/,(sem fonte),CONFIRMADO,NAO_ENCONTRADO,PENDENTE,
7200,Piano Touch Musical Rosa,playmi,PLAY&LEARN,,O Piano Touch Musical Rosa foi desenvolvido para estimular a musicalidade e a coordenação de forma interativa e envolvente.,,,Crianças a partir de 18 meses que estão desenvolvendo habilidades motoras e iniciando a exploração musical.,material=Plástico | cor=Rosa | genero=Menina | idade=+ 12 meses | conteudo_caixa=01 piano 01 partitura em cartão | ncm=9503.00.99 | dun=2789648417200 8 | caixa=6un/kg,ESPECIFICA,https://cardosotoys.com.br/playmi/produtos/piano-touch-musical-rosa/,(sem fonte),CONFIRMADO,NAO_ENCONTRADO,PENDENTE,
7201,Mesinha Musical Carrossel dos Bichinhos Azul,playmi,PLAY&LEARN,,A Mesinha Musical Carrossel dos Bichinhos Azul foi desenvolvida para proporcionar uma experiência completa de estímulos na primeira infância.,,,Crianças a partir de 18 meses que estão desenvolvendo habilidades motoras e explorando sons e atividades interativas.,material=Plástico | cor=Azul | genero=Menino | idade=+ 12 meses | conteudo_caixa=01 Base com piano e acionadores 01 Telhado do Carrossel 01 Base do telhado 01 Leão 01 Elefante 01 Unicórnio 04 pés | ncm=9503.00.99 | dun=278964817201 5 | produto_mm=280x410x320 | caixa=6un/kg | peso=0.84kg,ESPECIFICA,https://cardosotoys.com.br/playmi/produtos/mesinha-musical-carrossel-dos-bichinhos-azul/,(sem fonte),CONFIRMADO,NAO_ENCONTRADO,PENDENTE,
7202,Mesinha Musical Carrossel dos Bichinhos Rosa,playmi,PLAY&LEARN,,A Mesinha Musical Carrossel dos Bichinhos Rosa foi desenvolvida para oferecer uma experiência completa de estímulos e interação na primeira infância.,,,Crianças a partir de 18 meses que estão desenvolvendo habilidades motoras e explorando sons e atividades interativas.,material=Plástico | cor=Rosa | genero=Menina | idade=+ 12 meses | conteudo_caixa=01 Base com piano e acionadores 01 Telhado do Carrossel 01 Base do telhado 01 Leão 01 Elefante 01 Unicórnio 04 pés | ncm=9503.00.99 | dun=2789648417202 2 | produto_mm=280x410x320 | caixa=6un/kg | peso=0.84kg,ESPECIFICA,https://cardosotoys.com.br/playmi/produtos/mesinha-musical-carrossel-dos-bichinhos-rosa/,(sem fonte),CONFIRMADO,NAO_ENCONTRADO,PENDENTE,
7203,Fofush Encantado Unicórnio,playmi,PLAY&LEAR,Ilumine com a lanterna de LED para desenhar na barriga do Fofush!,O Fofush Encantado Unicórnio foi desenvolvido para encantar e estimular a imaginação das crianças.,,,Crianças a partir de 3 anos.,material=Pelúcia | cor=AZUL | genero=Menina | idade=+ 3 Anos | conteudo_caixa=1 boneco de pelucia | ncm=9503.00.31 | dun=27896484172039 | produto_mm=195x190x330 | caixa=6un/kg | peso=0.3kg,ESPECIFICA,https://cardosotoys.com.br/playmi/produtos/fofush-encantado-unicornio/,(sem fonte),CONFIRMADO,NAO_ENCONTRADO,PENDENTE,"DESCRICAO_EXISTENTE — preservada, nao substituir"
7204,Fofush Falante Unicórnio,playmi,PLAY&LEAR,Grava voz e repete de um jeito super divertido!,O Fofush Falante Unicórnio foi desenvolvido para encantar e interagir com a criança de forma lúdica e envolvente.,,,Crianças a partir de 3 anos.,material=Pelúcia | cor=AZUL | genero=Menina | idade=+ 3 Anos | conteudo_caixa=01 boneco de pelucia | ncm=9503.00.31 | dun=27896484172046 | produto_mm=205x150x330 | caixa=6un/kg | peso=0.29kg,ESPECIFICA,https://cardosotoys.com.br/playmi/produtos/fofush-falante-unicornio/,(sem fonte),CONFIRMADO,NAO_ENCONTRADO,PENDENTE,"DESCRICAO_EXISTENTE — preservada, nao substituir"
7205,Doce Cozinha Plus Chá com Biscoitos,playmi,PLAY&IMAGINE,,A Doce Cozinha Plus Chá com Biscoitos foi criada para transformar o momento do chá em uma experiência encantadora de faz de conta.,,Estimula a socialização e o brincar em grupo | Desenvolve coordenação motora fina ao manusear peças | Incentiva organização e criatividade | Ideal para simular momentos de chá e recepções,"Crianças + 3 anos que estão desenvolvendo habilidades sociais, imaginação e interação por meio de brincadeiras de faz de conta.",material=Plástico | cor=COLORIDO | genero=Menina | idade=+ 3 Anos | conteudo_caixa=04 biscoitos 02 colheres 02 pratos 02 xícaras 01 bule grande 01 bule pequeno 01 caldeirão | ncm=9503.00.80 | dun=2789648417205 3 | produto_mm=336x660x260 | caixa=6un/kg | peso=0.19kg,ESPECIFICA,https://cardosotoys.com.br/playmi/produtos/doce-cozinha-plus-cha-com-biscoitos/,(sem fonte),CONFIRMADO,NAO_ENCONTRADO,PENDENTE,
7206,Doce Cozinha Plus Chá com Bolinhos,playmi,PLAY&IMAGINE,,A Doce Cozinha Plus Chá com Bolinhos transforma a brincadeira em um verdadeiro momento de confeitaria infantil.,,Estimula criatividade e imaginação culinária | Desenvolve coordenação motora fina | Incentiva interação social | Promove autonomia na brincadeira | Ideal para simular momentos de chá e confeitaria,"Crianças + 3 anos em fase de desenvolvimento da imaginação, coordenação motora e habilidades sociais por meio do faz de conta.",material=Plástico | cor=COLORIDO | genero=Menina | idade=+ 3 Anos | conteudo_caixa=03 pedaços de bolo 02 colheres 01 pegador de bolo 02 pratos 02 xícaras 01 bule grande 01 bule pequeno 01 caldeirão | ncm=9503.00.80 | dun=2789648417206 0 | produto_mm=336x660x260 | caixa=6un/kg | peso=0.2kg,ESPECIFICA,https://cardosotoys.com.br/playmi/produtos/doce-cozinha-plus-cha-com-bolinhos/,(sem fonte),CONFIRMADO,NAO_ENCONTRADO,PENDENTE,
7207,Doce Cozinha Plus Chá com Rosquinhas,playmi,PLAY&IMAGINE,,A Doce Cozinha Plus Chá com Rosquinhas é perfeita para criar momentos doces e criativos no universo do faz de conta.,,Estimula criatividade e composição de alimentos | Desenvolve coordenação motora fina | Incentiva organização e planejamento | Promove interação social | Ideal para simular momentos de chá e confeitaria criativa,"Crianças + 3 anos que gostam de criar cenários, montar mesas e explorar o universo do faz de conta com alimentos e acessórios decorativos.",material=Plástico | cor=COLORIDO | genero=Menina | idade=+ 3 Anos | conteudo_caixa=02 donuts 02 coberturas 03 macaron 02 colheres 02 pratos 02 xícaras 01 bule grande 01 bule pequeno 01 caldeirão 01 cartela de papel | ncm=9503.00.80 | dun=2789648417207 7 | produto_mm=336x660x260 | caixa=6un/kg | peso=0.219kg,ESPECIFICA,https://cardosotoys.com.br/playmi/produtos/doce-cozinha-plus-cha-com-rosquinhas/,(sem fonte),CONFIRMADO,NAO_ENCONTRADO,PENDENTE,
7208,Tópi Festa Divertida com Pizza,tópi,FAZ DE CONTA,,O Tópi Festa Divertida com Pizza é o kit perfeito para criar momentos cheios de imaginação e criatividade.,,Estimula criatividade e imaginação | Incentiva brincadeiras de faz de conta | Desenvolve interação social | Kit completo para montar uma festa divertida,"Crianças a partir de 3 anos que gostam de brincar de cozinhar, servir e criar festas imaginárias.",material=Plástico | cor=COLORIDO | genero=Menina | idade=+ 3 Anos | conteudo_caixa=06 pedaços de bolo 01 cacho de uva 01 garfo 01 colher 01 faca 06 pedaços de pizza 01 morango 02 pirulitos com borda redonda 02 pirulitoscom borda coração 03 cartelas de papel | ncm=9503.00.99 | dun=2789648417208 4 | produto_mm=286x320x432 | caixa=6un/kg | peso=0.24kg,ESPECIFICA,https://cardosotoys.com.br/topi/produtos/topi-festa-divertida-com-pizza/,(sem fonte),CONFIRMADO,NAO_ENCONTRADO,PENDENTE,
7209,Tópi Festa Doce com Sorvetes,tópi,FAZ DE CONTA,,O Tópi Festa Doce com Sorvetes é o kit ideal para criar momentos cheios de imaginação e diversão.,,,"Crianças a partir de 3 anos que gostam de brincar de servir, organizar festas e criar histórias divertidas.",material=Plástico | cor=COLORIDO | genero=Menina | idade=+ 3 Anos | conteudo_caixa=06 bolas de sorvete 03 casquinhas de sorvete 06 pedaços de bolo 01 colher 01 garfo 01 faca 01 pratinho 01 pirulito redondo 01 pirulito coração 01 pegador de sorvete 01 conjunto mesa e quatro cadeiras 04 cartelas de papel | ncm=9503.00.99 | dun=2789648417209 1 | produto_mm=286x450x432 | caixa=6un/kg | peso=0.26kg,ESPECIFICA,https://cardosotoys.com.br/topi/produtos/topi-festa-doce-com-sorvetes/,(sem fonte),CONFIRMADO,NAO_ENCONTRADO,PENDENTE,
7210,Tópi Festa Gelada com Frutinhas,tópi,FAZ DE CONTA,,O Tópi Festa Gelada com Frutinhas é um kit encantador para criar momentos cheios de imaginação.,,Estimula criatividade e imaginação | Incentiva brincadeiras de faz de conta | Desenvolve coordenação motora | Kit completo com móveis e acessórios,"Crianças a partir de 3 anos que gostam de brincar de organizar festas, servir alimentos e criar histórias.",material=Plástico | cor=COLORIDO | genero=Menina | idade=+ 3 Anos | conteudo_caixa=03 casquinhas de sorvete 03 bolas de sorvete 03 cadeiras 01 geladeira 01 garfo 01 faca 01 bolo 01 prato 01 mesa 01 armario 01 pera 01 carambola 04 cartelas de papel | ncm=9503.00.99 | dun=2789648417210 7 | produto_mm=286x490x432 | caixa=6un/kg | peso=0.285kg,ESPECIFICA,https://cardosotoys.com.br/topi/produtos/topi-festa-gelada-com-frutinhas/,(sem fonte),CONFIRMADO,NAO_ENCONTRADO,PENDENTE,
7211,Tópi Festa Plus das Guloseimas,tópi,FAZ DE CONTA,,O Tópi Festa Plus das Guloseimas é o kit ideal para criar uma festa cheia de doces e diversão.,,Estimula criatividade e imaginação | Incentiva brincadeiras de faz de conta | Desenvolve coordenação motora | Kit completo com diversos acessórios,"Crianças a partir de 3 anos que gostam de brincar de organizar festas, servir doces e criar histórias divertidas.",material=Plástico | cor=COLORIDO | genero=Menina | idade=+ 3 Anos | conteudo_caixa=02 donuts 01 bandeja 03 refrigerantes 01 cortador de pizza 01 espatula de pizza 01 cacho banana 01 caho de uvas 03 pedaços de pizza 01 carrinho com bolo 05 cartelas de papel | ncm=9503.00.99 | dun=2789648417211 4 | produto_mm=286x650x432 | caixa=6un/kg | peso=0.25kg,ESPECIFICA,https://cardosotoys.com.br/topi/produtos/topi-festa-plus-das-guloseimas/,(sem fonte),CONFIRMADO,NAO_ENCONTRADO,PENDENTE,
7212,Tópi Chef Brunch,tópi,FAZ DE CONTA,,O Tópi Chef Brunch é perfeito para criar momentos deliciosos no universo do faz de conta.,,Estimula criatividade e imaginação | Incentiva brincadeiras de faz de conta | Desenvolve coordenação motora | Ideal para compor cenários de café da manhã,"Crianças a partir de 3 anos que gostam de brincar de cozinhar, servir e criar momentos especiais no faz de conta.",material=Plástico | cor=COLORIDO | genero=Menina | idade=+ 3 Anos | conteudo_caixa=01 colher 01 pote de molho 02 pratos 01 bule 01 xícara 01 wafle coração | ncm=9503.00.80 | dun=2789648417212 1 | produto_mm=215x60x340 | caixa=6un/kg | peso=0.125kg,ESPECIFICA,https://cardosotoys.com.br/topi/produtos/topi-chef-brunch/,(sem fonte),CONFIRMADO,NAO_ENCONTRADO,PENDENTE,
7213,Tópi Chef Chá da Tarde,tópi,FAZ DE CONTA,,O Tópi Chef Chá da Tarde é o kit perfeito para criar momentos encantadores no universo do faz de conta.,,Estimula criatividade e imaginação | Incentiva brincadeiras de faz de conta | Desenvolve coordenação motora | Ideal para montar um chá da tarde completo,"Crianças a partir de 3 anos que gostam de brincar de servir, organizar encontros e criar histórias divertidas.",material=Plástico | cor=COLORIDO | genero=Menina | idade=+ 3 Anos | conteudo_caixa=03 colheres 03 pratos 03 xícaras 03 wafles coração | ncm=9503.00.80 | dun=2789648417213 8 | produto_mm=215x60x340 | caixa=6un/kg | peso=0.11kg,ESPECIFICA,https://cardosotoys.com.br/topi/produtos/topi-chef-cha-da-tarde/,(sem fonte),CONFIRMADO,NAO_ENCONTRADO,PENDENTE,
7214,Tópi Chef Menu,tópi,FAZ DE CONTA,,O Tópi Chef Menu é o kit ideal para pequenas chefs criarem receitas cheias de imaginação.,,Estimula criatividade e imaginação | Incentiva brincadeiras de faz de conta | Desenvolve coordenação motora | Kit completo com utensílios de cozinha,Crianças a partir de 3 anos que gostam de brincar de cozinhar e criar seus próprios menus no faz de conta.,material=Plástico | cor=COLORIDO | genero=Menina | idade=+ 3 Anos | conteudo_caixa=01 concha 01 espatula 01 concha furada 01 frigideira com tampa 01 caldeirão 01 fogão | ncm=9503.00.80 | dun=2789648417214 5 | produto_mm=215x350x340 | caixa=6un/kg | peso=0.13kg,ESPECIFICA,https://cardosotoys.com.br/topi/produtos/topi-chef-menu/,(sem fonte),CONFIRMADO,NAO_ENCONTRADO,PENDENTE,
7215,Tópi Chef Cozinha Forno,tópi,FAZ DE CONTA,,O Tópi Chef Cozinha Forno é um kit completo para transformar a brincadeira em uma verdadeira experiência culinária no universo do faz de conta.,,Estimula criatividade e imaginação | Incentiva brincadeiras de faz de conta | Desenvolve coordenação motora | Kit completo com utensílios e alimentos,"Crianças a partir de 3 anos que gostam de brincar de cozinhar, organizar a cozinha e criar histórias no faz de conta.",material=Plástico | cor=COLORIDO | genero=Menina | idade=+ 3 Anos | conteudo_caixa=01 concha 01 espatula 02 espatulas furadas 01 concha furada 02 facas grandes 01 garfo 01 colher 01 faca 01 forma com formato peixe 01 pratinho 01 prato formato maçã 01 escorredor 02 panelas com tampas 01 micro ondas 01 fogão 01 tabua de corte 01 alface 01 peixe 01 lagostim 01 uva 01 cacho banana | ncm=9503.00.80 | dun=2789648417215 2 | produto_mm=380x50x520 | caixa=6un/kg | peso=0.39kg,ESPECIFICA,https://cardosotoys.com.br/topi/produtos/topi-chef-cozinha-forno/,(sem fonte),CONFIRMADO,NAO_ENCONTRADO,PENDENTE,
7216,Tópi Chef Cozinha Legumes,tópi,FAZ DE CONTA,,O Tópi Chef Cozinha Legumes é perfeito para crianças que adoram brincar de cozinhar e preparar receitas saudáveis no universo do faz de conta.,,Estimula criatividade e imaginação | Incentiva brincadeiras de faz de conta | Desenvolve coordenação motora | Kit com utensílios e legumes variados,Crianças a partir de 3 anos que gostam de brincar de cozinhar e criar receitas com legumes no faz de conta.,material=Plástico | cor=COLORIDO | genero=Menina | idade=+ 3 Anos | conteudo_caixa=01 garfo 01 espatula 01 colher 01 faca 01 tabua de corte 02 panelas com tampa 02 pratos 01 fogão 01 pimenta 01 maço cebolinha 02 cenouras 01 abobora branca 01 pimentão 01 maço pimenta | ncm=9503.00.80 | dun=2789648417216 9 | produto_mm=380x50x520 | caixa=6un/kg | peso=0.235kg,ESPECIFICA,https://cardosotoys.com.br/topi/produtos/topi-chef-cozinha-legumes/,(sem fonte),CONFIRMADO,NAO_ENCONTRADO,PENDENTE,
7217,Tópi Chef Cozinha Legumes e Mar,tópi,FAZ DE CONTA,,O Tópi Chef Cozinha Legumes e Mar é um kit completo para criar receitas criativas no universo do faz de conta.,,Estimula criatividade e imaginação | Incentiva brincadeiras de faz de conta | Desenvolve coordenação motora | Kit completo com legumes e elementos do mar,Crianças a partir de 3 anos que gostam de brincar de cozinhar e criar receitas variadas no faz de conta.,material=Plástico | cor=COLORIDO | genero=Menina | idade=+ 3 Anos | conteudo_caixa=01 garfo 01 faca 01 colher 01 espatula 01 espatula furada 01 concha 01 faca grande 02 pratos 01 escorredor 01 panela com tampa 01 fogão 01 travessa biringela 01 tabua de corte 01 pimentão 01 pipino 02 beringelas 01 caranguejo 01 milho 01 estrela do mar 01 pote tempero com tampa | ncm=9503.00.80 | dun=2789648417217 6 | produto_mm=380x60x520 | caixa=6un/kg | peso=0.34kg,ESPECIFICA,https://cardosotoys.com.br/topi/produtos/topi-chef-cozinha-legumes-e-mar/,(sem fonte),CONFIRMADO,NAO_ENCONTRADO,PENDENTE,
7218,Tópi Chef Cozinha Terra e Mar,tópi,FAZ DE CONTA,,O Tópi Chef Cozinha Terra e Mar é um kit completo para pequenas chefs explorarem receitas criativas no universo do faz de conta.,,Estimula criatividade e imaginação | Incentiva brincadeiras de faz de conta | Desenvolve coordenação motora | Kit completo com alimentos da terra e do mar,Crianças a partir de 3 anos que gostam de brincar de cozinhar e criar receitas variadas no faz de conta.,material=Plástico | cor=COLORIDO | genero=Menina | idade=+ 3 Anos | conteudo_caixa=01 concha 01 espatula 01 espatula furada 01 faca grande 01 garfo 01 colher 01 faca 01 forma com formato peixe 01 pratinho 01 prato formato maçã 01 escorredor 01 panela com tampa 01 fogão 01 tabua de corte 01 travessa 01 pote tempero com tampa 01 alface 01 peixe 01 lagostim 01 uva 01 cacho banana | ncm=9503.00.80 | dun=2789648417218 3 | produto_mm=380x50x520 | caixa=6un/kg | peso=0.345kg,ESPECIFICA,https://cardosotoys.com.br/topi/produtos/topi-chef-cozinha-terra-e-mar/,(sem fonte),CONFIRMADO,NAO_ENCONTRADO,PENDENTE,
7219,Tópi Chef Cozinha Preparar,tópi,FAZ DE CONTA,,O Tópi Chef Cozinha Preparar é um kit completo para transformar a brincadeira em uma experiência divertida no universo do faz de conta.,,Estimula criatividade e imaginação | Incentiva brincadeiras de faz de conta | Desenvolve coordenação motora | Kit completo com utensílios e alimentos,Crianças a partir de 3 anos que gostam de brincar de cozinhar e criar histórias no faz de conta.,material=Plástico | cor=COLORIDO | genero=Menina | idade=+ 3 Anos | conteudo_caixa=01 prato formato peixe 01 prato formato maçã 01 travessa 01 escorredor 01 tabua de corte 01 pote tempero com tampa 01 panela com tampa 01 concha 01 espatula 01 espatula furada 01 faca grande 01 garfo 01 faca 01 colher 01 alface 01 peixe 01 lagostim 01 cacho uva 01 cacho banans | ncm=9503.00.80 | dun=2789648417219 0 | produto_mm=310x40x430 | caixa=6un/kg | peso=0.23kg,ESPECIFICA,https://cardosotoys.com.br/topi/produtos/topi-chef-cozinha-preparar/,(sem fonte),CONFIRMADO,NAO_ENCONTRADO,PENDENTE,
7220,Tópi Chef Cozinha Preparar e Cozinhar,tópi,FAZ DE CONTA,,O Tópi Chef Cozinha Preparar e Cozinhar é um kit completo para as pequenas chefs explorarem o universo do faz de conta.,,Estimula criatividade e imaginação | Incentiva o faz de conta | Desenvolve coordenação motora | Kit com utensílios e alimentos variados,Crianças a partir de 3 anos que gostam de brincar de cozinhar e criar histórias na própria cozinha imaginária.,material=Plástico | cor=COLORIDO | genero=Menina | idade=+ 3 Anos | conteudo_caixa=01 espatula 01 cocha furada 01 faca 01 prato formato peixe 01 prato formato maçã 01 escorredor 01 travessa 01 panela com tampa 01 pote tempero com tampa 01 fogão 01 alface 01 peixe 01 lagostim 01 cacho uva 01 cacho bananas | ncm=9503.00.80 | dun=2789648417220 6 | produto_mm=310x50x430 | caixa=6un/kg | peso=0.23kg,ESPECIFICA,https://cardosotoys.com.br/topi/produtos/topi-chef-cozinha-preparar-e-cozinhar/,(sem fonte),CONFIRMADO,NAO_ENCONTRADO,PENDENTE,
7221,Tópi Chef Cozinha Cozinhar e Servir,tópi,FAZ DE CONTA,,O Tópi Chef Cozinha Cozinhar e Servir é um kit completo para as pequenas chefs prepararem e servirem suas próprias receitas no universo do faz de conta.,,Estimula criatividade e imaginação | Incentiva o faz de conta | Desenvolve coordenação motora | Permite preparar e servir refeições imaginárias,"Crianças a partir de 3 anos que gostam de brincar de cozinhar, servir e criar histórias na própria cozinha.",material=Plástico | cor=COLORIDO | genero=Menina | idade=+ 3 Anos | conteudo_caixa=01 espatula 01 cocha 01 espatula furada 01 prato formato peixe 01 prato formato maçã 01 escorredor 01 travessa 01 panela com tampa 01 pote tempero com tampa 01 fogão 01 alface 01 peixe 01 lagostim 01 cacho uva 01 cacho bananas 01 garfo 01 faca 01 colher | ncm=9503.00.80 | dun=2789648417221 3 | produto_mm=310x40x430 | caixa=6un/kg | peso=0.34kg,ESPECIFICA,https://cardosotoys.com.br/topi/produtos/topi-chef-cozinha-cozinhar-e-servir/,(sem fonte),CONFIRMADO,NAO_ENCONTRADO,PENDENTE,
7222,Boneco de Pelúcia Smurf,playmi,PLAY&COLLECT,,O Boneco de Pelúcia Smurf é perfeito para acompanhar os pequenos desde os primeiros meses.,,Pelúcia macia e confortável | Estimula vínculo afetivo | Ideal para primeiros contatos sensoriais | Personagem querido e reconhecido,Bebês a partir de 2 meses e crianças que adoram personagens clássicos.,material=Pelúcia | cor=AZUL | genero=Unissex | idade=+ 2 meses | conteudo_caixa=1 Boneco de Pelúcia Smurf | ncm=9503.00.31 | dun=2789648417222 0 | produto_mm=130x180x300 | caixa=6un/3.66kg | peso=0.135kg,ESPECIFICA,https://cardosotoys.com.br/playmi/produtos/boneco-de-pelucia-smurf/,(sem fonte),CONFIRMADO,NAO_ENCONTRADO,PENDENTE,
7223,Boneco de Pelúcia Papai Smurf,playmi,PLAY&COLLECT,,O Boneco de Pelúcia Papai Smurf é perfeito para acompanhar os pequenos desde os primeiros meses.,,Pelúcia macia e confortável | Estimula vínculo afetivo | Ideal para primeiros estímulos sensoriais | Personagem clássico e querido,Bebês a partir de 2 meses e crianças que adoram personagens icônicos.,material=Pelúcia | cor=AZUL | genero=Unissex | idade=+ 2 meses | conteudo_caixa=1 Boneco de Pelúcia Papai Smurf | ncm=9503.00.31 | dun=2789648417223 7 | produto_mm=120x190x300 | caixa=6un/3.66kg | peso=0.135kg,ESPECIFICA,https://cardosotoys.com.br/playmi/produtos/boneco-de-pelucia-papai-smurf/,(sem fonte),CONFIRMADO,NAO_ENCONTRADO,PENDENTE,
7224,Boneco de Pelúcia Smurfette,playmi,PLAY&COLLECT,,O Boneco de Pelúcia Smurfette é perfeito para acompanhar os pequenos desde os primeiros meses.,,Pelúcia macia e confortável | Estimula vínculo afetivo | Ideal para estímulos sensoriais | Personagem clássico e reconhecido,Bebês a partir de 2 meses e crianças que adoram personagens encantadores.,material=Pelúcia | cor=AZUL | genero=Unissex | idade=+ 2 meses | conteudo_caixa=1 Boneco de Pelúcia Smurfette | ncm=9503.00.31 | dun=2789648417224 4 | produto_mm=170x170x300 | caixa=6un/3.66kg | peso=0.145kg,ESPECIFICA,https://cardosotoys.com.br/playmi/produtos/boneco-de-pelucia-smurfette/,(sem fonte),CONFIRMADO,NAO_ENCONTRADO,PENDENTE,
7225,Fofush Encantado Urso,playmi,PLAY&LEAR,,O Fofush Encantado Urso foi desenvolvido para proporcionar momentos de carinho e imaginação na infância.,,,Crianças a partir de 3 anos.,material=Pelúcia | cor=ROSA | genero=Menina | idade=+ 3 Anos | conteudo_caixa=1 boneco de pelucia | ncm=9503.00.31 | dun=27896484172251 | produto_mm=190x205x270 | caixa=6un/kg | peso=0.25kg,ESPECIFICA,https://cardosotoys.com.br/playmi/produtos/fofush-encantado-urso/,(sem fonte),CONFIRMADO,NAO_ENCONTRADO,PENDENTE,
7226,Fofush Encantado Elefante,playmi,PLAY&LEAR,,O Fofush Encantado Elefante foi desenvolvido para proporcionar momentos de carinho e imaginação na infância.,,,Crianças a partir de 3 anos.,material=Pelúcia | cor=ROSA/AZUL | genero=Menina | idade=+ 3 Anos | conteudo_caixa=1 boneco de pelucia | ncm=9503.00.31 | dun=27896484172268 | produto_mm=195x180x270 | caixa=6un/kg | peso=0.245kg,ESPECIFICA,https://cardosotoys.com.br/playmi/produtos/fofush-encantado-elefante/,(sem fonte),CONFIRMADO,NAO_ENCONTRADO,PENDENTE,
7227,Fofush Falante Coelho,playmi,PLAY&LEAR,,O Fofush Falante Coelho foi desenvolvido para encantar e interagir com a criança de forma lúdica e envolvente.,,,Crianças a partir de 3 anos.,material=Pelúcia | cor=BRANCO | genero=Menina | idade=+ 3 Anos | conteudo_caixa=01 boneco de pelucia | ncm=9503.00.31 | dun=27896484172275 | produto_mm=215x155x280 | caixa=6un/kg | peso=0.28kg,ESPECIFICA,https://cardosotoys.com.br/playmi/produtos/fofush-falante-coelho/,(sem fonte),CONFIRMADO,NAO_ENCONTRADO,PENDENTE,
7228,Fofush Falante Gato,playmi,PLAY&LEAR,,O Fofush Falante Gato foi desenvolvido para proporcionar momentos de diversão e interação na infância.,,,Crianças a partir de 3 anos.,material=Pelúcia | cor=LILAS | genero=Menina | idade=+ 3 Anos | conteudo_caixa=01 boneco de pelucia | ncm=9503.00.31 | dun=27896484172282 | produto_mm=210x150x27 | caixa=6un/kg | peso=0.29kg,ESPECIFICA,https://cardosotoys.com.br/playmi/produtos/fofush-falante-gato/,(sem fonte),CONFIRMADO,NAO_ENCONTRADO,PENDENTE,
7229,Patinete Bluey,playmi,PLAY&COLLECT,,O Patinete Bluey é ideal para crianças que estão iniciando suas primeiras aventuras com mobilidade e equilíbrio.,,Estimula coordenação motora | Desenvolve equilíbrio | Incentiva atividade física | Possui luzes decorativas | Suporta até 35kg,"Crianças + 2 meses que estão desenvolvendo equilíbrio, coordenação e autonomia por meio de atividades ao ar livre.",material=Plástico | cor=Azul | genero=Unissex | idade=+ 2 meses | conteudo_caixa=1 Patinete decorado com luzes | produto_mm=550x200x770 | caixa=6un/11.34kg | peso=1.5kg,ESPECIFICA,https://cardosotoys.com.br/playmi/produtos/patinete-bluey/,(sem fonte),CONFIRMADO,NAO_ENCONTRADO,PENDENTE,
8001,Dino Jurássico,playmi,PLAY&MOLTO,,O Dino Jurássico da linha Play&Molto foi desenvolvido para levar a criança ao universo pré-histórico de forma envolvente e divertida.,4 Sons de Dino | Acompanha 30 blocos | Compartimento para blocos,,Crianças a partir de 3 anos.,"material=Plástico | cor=Verde | genero=Unissex | idade=+ 24 meses | conteudo_caixa=1 Dino Jurássico 
30 blocos de montar
1 cartela de adesivos | ncm=9503.00.39 | cst=500 | dun=9789648418001-9 | produto_mm=660x240x300 | caixa=2un/3.84kg | peso=1kg",ESPECIFICA,https://cardosotoys.com.br/playmi/produtos/dino-jurassico/,https://cardosotoys.com.br/playmi/produtos/dino-jurassico/,CONFIRMADO,CONFIRMADO,PENDENTE,
8002,Navio Pirata,playmi,PLAY&MOLTO,,"O navio pirata da linha play&molto é um brinquedo da categoria blocos, desenvolvido para estimular a criatividade e a coordenação motora das crianças.",Acompanha 1 boneco pirata | Canhão giratório | Leme com movimento | Rampa abre para armazenamento,,Crianças + 24 meses,"material=Plástico | cor=Azul | genero=Unissex | idade=+ 24 meses | conteudo_caixa=1 Navio composto por 22 peças,
1 boneco pirata
30 blocos de montar
1 cartela de adesivo | ncm=9503.00.99 | dun=9789648418002-6 | produto_mm=550x170x400 | caixa=2un/3.84kg | peso=1.125kg",ESPECIFICA,https://cardosotoys.com.br/playmi/produtos/navio-pirata/,https://cardosotoys.com.br/playmi/produtos/navio-pirata/,CONFIRMADO,CONFIRMADO,PENDENTE,
8003,Mesinha Criativa Azul,playmi,PLAY&MOLTO,,"A mesinha criativa azul da linha play&molto é um brinquedo da categoria blocos, desenvolvido para estimular a criatividade e a coordenação motora das crianças.",Acompanha blocos | Compartimento para blocos | Tamanho ergonômico,Estimula a coordenação motora | Incentiva a criatividade | Desenvolve habilidades cognitivas | Ideal para atividades de montagem,Crianças + 24 meses,"material=Plástico | cor=Azul | genero=Menino | idade=+ 24 meses | conteudo_caixa=1 mesinha criativa
20 blocos de montar | ncm=9503.00.99 | cst=000 | dun=9789648418003-3 | produto_mm=550x380x275 | caixa=2un/4.3kg | peso=1.6kg",ESPECIFICA,https://cardosotoys.com.br/playmi/produtos/mesinha-criativa-azul/,https://cardosotoys.com.br/playmi/produtos/mesinha-criativa-azul/,CONFIRMADO,CONFIRMADO,PENDENTE,
8005,Trenzinho Didático 70 Peças,playmi,PLAY&MOLTO,,"O trenzinho didático 70 peças da linha play&molto é um brinquedo da categoria blocos, desenvolvido para estimular a criatividade e a coordenação motora das crianças.",Acompanha 70 peças | Estimulam o aprendizado,Estimula a coordenação motora | Incentiva a criatividade | Desenvolve habilidades cognitivas | Auxilia na percepção espacial | Incentiva a montagem e organização,"Crianças + 24 meses que estão em fase de desenvolvimento motor e cognitivo, proporcionando estímulo por meio da montagem e do aprendizado lúdico.","material=Plástico | cor=Colorido | genero=Unissex | idade=+ 24 meses | conteudo_caixa=70 peças 
1 cartela de adesivos | ncm=9503.00.80 | cst=000 | dun=1789648418005-1 | produto_mm=525x90x340 | caixa=4un/4.46kg | peso=0.525kg",ESPECIFICA,https://cardosotoys.com.br/playmi/produtos/trenzinho-didatico-70-pecas/,https://cardosotoys.com.br/playmi/produtos/trenzinho-didatico-70-pecas/,CONFIRMADO,CONFIRMADO,PENDENTE,
8009,Bombeirinho 25 Peças,playmi,PLAY&MOLTO,,"O bombeirinho 25 peças da linha play&molto é um brinquedo da categoria blocos, desenvolvido para estimular a criatividade e a coordenação motora das crianças.",Acompanha 25 peças | Estimulam o aprendizado,Estimula a coordenação motora | Incentiva a criatividade | Desenvolve habilidades cognitivas | Promove a montagem e organização,"Crianças + 24 meses em fase de desenvolvimento motor e cognitivo, proporcionando aprendizado por meio da montagem e da brincadeira estruturada.","material=Plástico | cor=Colorido | genero=Unissex | idade=+ 24 meses | conteudo_caixa=25 peças 
1 cartela de adesivos | ncm=9503.00.80 | cst=000 | dun=2789648418009-6 | produto_mm=300x90x210 | caixa=6un/2.6kg | peso=0.24kg",ESPECIFICA,https://cardosotoys.com.br/playmi/produtos/bombeirinho-25-pecas/,https://cardosotoys.com.br/playmi/produtos/bombeirinho-25-pecas/,CONFIRMADO,CONFIRMADO,PENDENTE,
8011,Blocks Box 90 Blocos Rosa,playmi,PLAY&MOLTO,,"O blocks box 90 blocos rosa da linha play&molto é um brinquedo da categoria blocos, desenvolvido para estimular a criatividade e a coordenação motora das crianças.",Acompanha 90 blocos | Estimulam o aprendizado,Estimula a coordenação motora | Incentiva a criatividade | Desenvolve habilidades cognitivas | Promove a montagem e organização | Auxilia na percepção espacial,"Crianças + 24 meses em fase de desenvolvimento motor e cognitivo, proporcionando aprendizado por meio da montagem e da brincadeira estruturada.","material=Plástico | cor=Rosa | genero=Menina | idade=+ 24 meses | conteudo_caixa=1 Block Box 
90 Blocos
1 Cartela de atividades | ncm=9503.00.80 | cst=000 | dun=9789648418011-8 | produto_mm=395x253x350 | caixa=2un/3,8‬00kg | peso=1.8kg",ESPECIFICA,https://cardosotoys.com.br/playmi/produtos/blocks-box-90-blocos-rosa/,https://cardosotoys.com.br/playmi/produtos/blocks-box-90-blocos-rosa/,CONFIRMADO,CONFIRMADO,PENDENTE,
8012,Blocks Box 90 Blocos Azul,playmi,PLAY&MOLTO,,"O blocks box 90 blocos azul da linha play&molto é um brinquedo da categoria blocos, desenvolvido para estimular a criatividade e a coordenação motora das crianças.",Acompanha 90 blocos | Estimulam o aprendizado,Estimula a coordenação motora | Incentiva a criatividade | Desenvolve habilidades cognitivas | Promove a montagem e organização | Auxilia na percepção espacial,"Crianças + 24 meses em fase de desenvolvimento motor e cognitivo, proporcionando aprendizado por meio da montagem e da brincadeira estruturada.","material=Plástico | cor=Azul | genero=Menino | idade=+ 24 meses | conteudo_caixa=1 Block Box 
90 Blocos
1 Cartela de atividades | ncm=9503.00.80 | cst=000 | dun=9789648418012-5 | produto_mm=395x253x350 | caixa=2un/3.8kg | peso=1.8kg",ESPECIFICA,https://cardosotoys.com.br/playmi/produtos/blocks-box-90-blocos-azul/,https://cardosotoys.com.br/playmi/produtos/blocks-box-90-blocos-azul/,CONFIRMADO,CONFIRMADO,PENDENTE,
8014,Truck Ride On Amarelo,playmi,PLAY&MOLTO,Vem com CAIXA INDIVIDUAL 10 blocos! * A cor,"O Truck Ride On Amarelo é um brinquedo 2 em 1 que combina montaria infantil com blocos de montar, estimulando ao mesmo tempo coordenação motora grossa e criatividade.",Compartimento para blocos | Encaixe para blocos,Estimula coordenação motora grossa | Desenvolve equilíbrio e controle corporal | Incentiva criatividade com blocos de montar | Fortalece musculatura das pernas | Brinquedo multifuncional,Crianças + 24 meses em fase de desenvolvimento da mobilidade ativa e habilidades de construção.,"material=Plástico | cor=Amarelo | genero=Unissex | idade=+ 24 meses | conteudo_caixa=1 Truck Ride on 
10 blocos de montar | ncm=9503.00.10 | cst=000 | dun=X | produto_mm=615x290x440 | caixa=1un/3.46kg | peso=2.438kg",ESPECIFICA,https://cardosotoys.com.br/playmi/produtos/truck-ride-on-amarelo/,https://cardosotoys.com.br/playmi/produtos/truck-ride-on-amarelo/,CONFIRMADO,CONFIRMADO,PENDENTE,"DESCRICAO_EXISTENTE — preservada, nao substituir"
8015,Trenzinho Didático 28 Peças,playmi,PLAY&MOLTO,,"O trenzinho didático 28 peças da linha play&molto é um brinquedo da categoria blocos, desenvolvido para estimular a coordenação motora e a criatividade.",Acompanha 28 peças | Estimulam o aprendizado,,"Crianças + 24 meses em fase de desenvolvimento motor e cognitivo, incentivando a montagem e a brincadeira estruturada.","material=Plástico | cor=Colorido | genero=Unissex | idade=+ 24 meses | conteudo_caixa=28 peças 
1 cartela de adesivos | ncm=9503.00.80 | cst=000 | dun=2789648418015-7 | produto_mm=300x90x210 | caixa=6un/2.7kg | peso=0.3kg",ESPECIFICA,https://cardosotoys.com.br/playmi/produtos/trenzinho-didatico-28-pecas/,https://cardosotoys.com.br/playmi/produtos/trenzinho-didatico-28-pecas/,CONFIRMADO,CONFIRMADO,PENDENTE,
8016,Girafa de Atividades Amarela,playmi,PLAY&MOLTO,,"A girafa de atividades amarela da linha play&molto é um brinquedo da categoria blocos, desenvolvido para estimular a coordenação motora e a criatividade.",Cauda gira | Compartimento para blocos | Encaixe para blocos | Pescoço articulado,Estimula a coordenação motora | Incentiva a criatividade | Desenvolve habilidades cognitivas | Promove a montagem e organização,"Crianças + 24 meses em fase de desenvolvimento motor e cognitivo, incentivando a montagem e a brincadeira estruturada.","material=Plástico | cor=Amarelo | genero=Unissex | idade=+ 24 meses | conteudo_caixa=1 girafa de atividades
15 blocos de montar | ncm=9503.00.39 | cst=000 | dun=9789648418016-3 | produto_mm=320x170x520 | caixa=2un/3kg | peso=0.898kg",ESPECIFICA,https://cardosotoys.com.br/playmi/produtos/girafa-de-atividades-amarela/,https://cardosotoys.com.br/playmi/produtos/girafa-de-atividades-amarela/,CONFIRMADO,CONFIRMADO,PENDENTE,
8017,Totokross Moto de Equilibrio Rosa,playmi,PLAY&MOLTO,Andador de EQUILÍBRIO ROSA CAIXA INDIVIDUAL equilibrio,A Totokross Moto de Equilíbrio Rosa é ideal para crianças que já apresentam maior firmeza nos movimentos e buscam mais dinamismo na brincadeira.,Design ergonômico | Estimula o equilíbrio | Tem rodinhas,Desenvolve equilíbrio dinâmico | Estimula coordenação motora grossa | Incentiva mobilidade ativa | Fortalece pernas e controle corporal | Design inspirado em moto,Crianças + 12 meses com maior controle motor para mobilidade ativa.,material=Plástico | cor=Rosa | genero=Menina | idade=+ 12 meses | conteudo_caixa=1 Totokross | ncm=9503.00.10 | cst=000 | dun=X | produto_mm=525x255x450 | caixa=1un/1.8kg | peso=1.341kg,ESPECIFICA,https://cardosotoys.com.br/playmi/produtos/totokross-moto-de-equilibrio-rosa/,https://cardosotoys.com.br/playmi/produtos/totokross-moto-de-equilibrio-rosa/,CONFIRMADO,CONFIRMADO,PENDENTE,"DESCRICAO_EXISTENTE — preservada, nao substituir"
8018,Totokross Moto de Equilibrio Vermelha,playmi,PLAY&MOLTO,,A Totokross Moto de Equilíbrio Vermelha combina visual moderno e estímulo motor intenso.,Design ergonômico | Estimula o equilíbrio | Tem rodinhas,Estimula equilíbrio lateral | Desenvolve coordenação motora grossa | Incentiva autonomia | Fortalece musculatura das pernas | Ideal para crianças mais ativas,Crianças + 12 meses em fase de mobilidade ativa e desenvolvimento do equilíbrio.,material=Plástico | cor=Vermelho | genero=Menino | idade=+ 12 meses | conteudo_caixa=1 Totokross | ncm=9503.00.10 | cst=000 | dun=X | produto_mm=525x255x450 | caixa=1un/1.8kg | peso=1.341kg,ESPECIFICA,https://cardosotoys.com.br/playmi/produtos/totokross-moto-de-equilibrio-vermelha/,https://cardosotoys.com.br/playmi/produtos/totokross-moto-de-equilibrio-vermelha/,CONFIRMADO,CONFIRMADO,PENDENTE,
8022,Pipinico Urso Azul Caixa Individual,playmi,PLAY&MOLTO,Recipiente removível Prático e higiênico!,"O pipinico urso azul caixa individual da linha play&molto é um produto da categoria primeira infância, desenvolvido para auxiliar no processo de transição da fralda.",,Auxilia no desfralde | Incentiva a autonomia | Fácil higienização | Recipiente removível,Crianças + 12 meses em fase de desenvolvimento e início do processo de desfralde.,"material=Plástico | cor=Azul | genero=Menino | idade=+ 12 meses | conteudo_caixa=1 Pipinico Urso
1 Recipiente removivel | ncm=9503.00.99 | cst=000 | dun=X | produto_mm=383x350x235 | caixa=1un/1kg | peso=1.05kg",ESPECIFICA,https://cardosotoys.com.br/playmi/produtos/pipinico-urso-azul-caixa-individual/,(sem fonte),CONFIRMADO,NAO_ENCONTRADO,PENDENTE,"DESCRICAO_EXISTENTE — preservada, nao substituir"
8023,Mesinha Criativa Rosa,playmi,PLAY&MOLTO,Vem com 275A x 550C x 380L 20 blocos!,"A mesinha criativa rosa da linha play&molto é um brinquedo da categoria blocos, desenvolvido para estimular a coordenação motora e a criatividade.",Acompanha blocos | Tamanho ergonômico,Estimula a coordenação motora | Incentiva a criatividade | Desenvolve habilidades cognitivas | Promove a montagem e organização,"Crianças + 24 meses em fase de desenvolvimento motor e cognitivo, incentivando a montagem e a brincadeira estruturada.","material=Plástico | cor=Rosa | genero=Menina | idade=+ 24 meses | conteudo_caixa=1 mesinha criativa
20 blocos de montar | ncm=9503.00.99 | cst=000 | dun=9789648418023-1 | produto_mm=550x380x275 | caixa=2un/4.3kg | peso=1.6kg",ESPECIFICA,https://cardosotoys.com.br/playmi/produtos/mesinha-criativa-rosa/,https://cardosotoys.com.br/playmi/produtos/mesinha-criativa-rosa/,CONFIRMADO,CONFIRMADO,PENDENTE,"DESCRICAO_EXISTENTE — preservada, nao substituir"
8024,Girafa de Atividades Rosa,playmi,PLAY&MOLTO,,"A girafa de atividades rosa da linha play&molto é um brinquedo da categoria blocos, desenvolvido para estimular a coordenação motora e a criatividade.",Cauda gira | Compartimento para blocos | Encaixe para blocos | Pescoço articulado,Estimula a coordenação motora | Incentiva a criatividade | Desenvolve habilidades cognitivas | Promove a montagem e organização,"Crianças + 24 meses em fase de desenvolvimento motor e cognitivo, incentivando a montagem e a brincadeira estruturada.","material=Plástico | cor=Rosa | genero=Menina | idade=+ 24 meses | conteudo_caixa=1 girafa de atividades
15 blocos de montar | ncm=9503.00.39 | cst=000 | dun=9789648418024-8 | produto_mm=320x170x520 | caixa=2un/3kg | peso=0.898kg",ESPECIFICA,https://cardosotoys.com.br/playmi/produtos/girafa-de-atividades-rosa/,https://cardosotoys.com.br/playmi/produtos/girafa-de-atividades-rosa/,CONFIRMADO,CONFIRMADO,PENDENTE,
8025,Estação de Resgate 10 Blocos,playmi,PLAY&MOLTO,,"A estação de resgate 10 blocos da linha play&molto é um brinquedo da categoria blocos, desenvolvido para estimular a coordenação motora e a criatividade.",Acompanha 1 carrinho | Com elevador para carro,Estimula a coordenação motora | Incentiva a criatividade | Desenvolve habilidades cognitivas | Possui som | Possui luz,"Crianças + 24 meses em fase de desenvolvimento motor e cognitivo, incentivando a montagem e a brincadeira estruturada.","material=Plástico | cor=Colorido | genero=Unissex | idade=+ 24 meses | conteudo_caixa=1 estação
10 blocos de montar | ncm=9503.00.80 | cst=000 | dun=9789648418025-5 | produto_mm=430x140x370 | caixa=2un/3.224kg | peso=1kg",ESPECIFICA,https://cardosotoys.com.br/playmi/produtos/estacao-de-resgate-10-blocos/,https://cardosotoys.com.br/playmi/produtos/estacao-de-resgate-10-blocos/,CONFIRMADO,CONFIRMADO,PENDENTE,
8026,Fazendinha 19 Blocos,playmi,PLAY&MOLTO,,"A fazendinha 19 blocos da linha play&molto é um brinquedo da categoria blocos, desenvolvido para estimular a coordenação motora e a criatividade.",Acompanha bolinha | Encaixe para blocos | Escorregador de bolinhas,Estimula a coordenação motora | Incentiva a criatividade | Desenvolve habilidades cognitivas | Promove a montagem e organização,"Crianças + 24 meses em fase de desenvolvimento motor e cognitivo, incentivando a montagem e a brincadeira estruturada.","material=Plástico | cor=Colorido | genero=Unissex | idade=+ 24 meses | conteudo_caixa=1 fazendinha
19 blocos de montar | ncm=9503.00.80 | cst=000 | dun=9789648418026-2 | produto_mm=555x105x385 | caixa=2un/3.006kg | peso=1.046kg",ESPECIFICA,https://cardosotoys.com.br/playmi/produtos/fazendinha-19-blocos/,https://cardosotoys.com.br/playmi/produtos/fazendinha-19-blocos/,CONFIRMADO,CONFIRMADO,PENDENTE,
8027,Carrinho de Puxar com 20 Blocos Azul,playmi,PLAY&MOLTO,,"O carrinho de puxar com 20 blocos azul da linha play&molto é um brinquedo da categoria blocos, desenvolvido para estimular a coordenação motora e a criatividade.",Acompanha blocos | Haste retrátil,Estimula a coordenação motora | Incentiva a criatividade | Desenvolve habilidades cognitivas | Promove a montagem e organização,"Crianças + 24 meses em fase de desenvolvimento motor e cognitivo, incentivando a montagem e a brincadeira estruturada.","material=PLASTICO | cor=AZUL | genero=MENINO | idade=+ 24 meses | conteudo_caixa=1 carrinho de puxar com tampa
20 blocos | ncm=9503.00.80 | dun=2789648418027-0 | produto_mm=230x135x480 | caixa=6un/4.8kg | peso=0.725kg",ESPECIFICA,https://cardosotoys.com.br/playmi/produtos/carrinho-de-puxar-com-20-blocos-azul/,https://cardosotoys.com.br/playmi/produtos/carrinho-de-puxar-com-20-blocos-azul/,CONFIRMADO,CONFIRMADO,PENDENTE,
8028,Carrinho de Puxar com 20 Blocos Rosa,playmi,PLAY&MOLTO,,"O carrinho de puxar com 20 blocos rosa da linha play&molto é um brinquedo da categoria blocos, desenvolvido para estimular a coordenação motora e a criatividade.",,Estimula a coordenação motora | Incentiva a criatividade | Desenvolve habilidades cognitivas | Promove a montagem e organização,"Crianças + 24 meses em fase de desenvolvimento motor e cognitivo, incentivando a montagem e a brincadeira estruturada.","material=PLASTICO | cor=ROSA | genero=MENINA | idade=+ 24 meses | conteudo_caixa=1 carrinho de puxar com tampa
20 blocos | ncm=9503.00.80 | dun=2789648418028-7 | produto_mm=230x135x480 | caixa=6un/4.8kg | peso=0.725kg",ESPECIFICA,https://cardosotoys.com.br/playmi/produtos/carrinho-de-puxar-com-20-blocos-rosa/,(sem fonte),CONFIRMADO,NAO_ENCONTRADO,PENDENTE,
8029,Moto Speed XR - Moto de Equilíbrio Vermelha,playmi,PLAY&MOLTO,,A Moto Speed XR Vermelha é uma moto de equilíbrio infantil desenvolvida para crianças que buscam maior dinamismo e estabilidade durante a mobilidade.,Design ergonômico | Estimula o equilíbrio,Desenvolve equilíbrio e coordenação motora grossa | Incentiva mobilidade ativa | Estimula confiança corporal | Fortalece musculatura das pernas | Design esportivo moderno,Crianças + 12 meses com controle motor mais avançado para a idade.,material=PLASTICO | cor=VERMELHO | genero=MENINO | idade=+ 12 meses | conteudo_caixa=1 Moto de equilíbrio | ncm=9503.00.10 | dun=X | produto_mm=640x325x490 | caixa=1un/2.97kg | peso=2.18kg,ESPECIFICA,https://cardosotoys.com.br/playmi/produtos/moto-speed-xr-moto-de-equilibrio-vermelha/,https://cardosotoys.com.br/playmi/produtos/moto-speed-xr-moto-de-equilibrio-vermelha/,CONFIRMADO,CONFIRMADO,PENDENTE,
8030,Moto Speed Xr - Moto de Equilíbrio Rosa,playmi,PLAY&MOLTO,,A Moto Speed XR Rosa é ideal para crianças que já apresentam firmeza nos movimentos e desejam maior liberdade na mobilidade.,Design ergonômico | Estimula o equilíbrio,Estimula equilíbrio dinâmico | Desenvolve coordenação motora grossa | Incentiva autonomia | Fortalece musculatura das pernas | Ideal para mobilidade mais ativa,Crianças + 12 meses em fase de desenvolvimento avançado da mobilidade.,material=PLASTICO | cor=ROSA | genero=MENINA | idade=+ 12 meses | conteudo_caixa=1 Moto de equilíbrio | ncm=9503.00.10 | dun=X | produto_mm=640x325x490 | caixa=1un/2.97kg | peso=2.18kg,ESPECIFICA,https://cardosotoys.com.br/playmi/produtos/moto-speed-xr-moto-de-equilibrio-rosa/,https://cardosotoys.com.br/playmi/produtos/moto-speed-xr-moto-de-equilibrio-rosa/,CONFIRMADO,CONFIRMADO,PENDENTE,
8102,Belinha Studio,tópi,FAZ DE CONTA,,O Belinha Studio é um kit encantador para crianças que adoram brincar de salão de beleza e criar produções cheias de estilo.,,Estimula imaginação e criatividade | Incentiva o faz de conta no universo da beleza | Desenvolve coordenação motora fina | Promove interação social,Crianças a partir de 3 anos que gostam de brincar de salão de beleza e criar momentos divertidos com amigas e familiares.,material=Plástico | cor=Rosa | genero=Menina | idade=+ 3 Anos | conteudo_caixa=1 Helicóptero | ncm=9503.00.80 | cst=000 | dun=4789648418102-8 | produto_mm=240x50x160 | caixa=12un/1.55kg | peso=0.1kg,ESPECIFICA,https://cardosotoys.com.br/topi/produtos/belinha-studio/,(sem fonte),CONFIRMADO,NAO_ENCONTRADO,PENDENTE,
8401,Alvo Certo,tópi,JOGOS,,O Alvo Certo é um jogo de precisão ideal para desafiar a mira e a concentração.,,Desenvolve coordenação motora | Estimula concentração e foco | Incentiva competição saudável | Ideal para momentos em grupo,Adolescentes a partir de 14 anos e adultos que gostam de jogos de precisão e desafios de pontaria.,"material=Plástico | cor=Amarelo | genero=Unissex | idade=+ 14 Anos | conteudo_caixa=1 Alvo Certo
4 Dardos | ncm=9506.99.00 | cst=000 | dun=27896484184018 | produto_mm=364x30x350 | caixa=6un/3.82kg | peso=0.475kg",ESPECIFICA,https://cardosotoys.com.br/topi/produtos/alvo-certo/,(sem fonte),CONFIRMADO,NAO_ENCONTRADO,PENDENTE,
9047,Comboio Rodeio,tópi,RODA LIVRE,,O Comboio Rodeio é um caminhão roda livre que leva a emoção do campo para a brincadeira.,,Estimula imaginação e criatividade | Incentiva brincadeiras temáticas rurais | Desenvolve coordenação motora | Estrutura resistente,"Crianças a partir de 3 anos que gostam de caminhões, fazenda, rodeio e brincadeiras de transporte de animais.","material=Plástico | cor=Preto | genero=Menino | idade=+ 3 Anos | conteudo_caixa=1 Caminhão
2 cavalos
2 bois | ncm=9503.00.80 | cst=000 | dun=27896484190477 | produto_mm=535x109x158 | caixa=6un/4.66kg | peso=0.465kg",ESPECIFICA,https://cardosotoys.com.br/topi/produtos/comboio-rodeio/,(sem fonte),CONFIRMADO,NAO_ENCONTRADO,PENDENTE,
9055,Comboio Bombeiro,tópi,RODA LIVRE,,O Comboio Bombeiro leva a emoção das operações de resgate para a brincadeira.,,Estimula imaginação e criatividade | Incentiva brincadeiras de resgate | Desenvolve coordenação motora | Design temático de bombeiro,"Crianças a partir de 3 anos que gostam de caminhões, bombeiros e aventuras de resgate.","material=Plástico | cor=Vermelho | genero=Menino | idade=+ 3 Anos | conteudo_caixa=1 Caminhão 
1 maca
2 extintores | ncm=9503.00.80 | cst=000 | dun=27896484190552 | produto_mm=535x109x130 | caixa=6un/4.28kg | peso=0.4kg",ESPECIFICA,https://cardosotoys.com.br/topi/produtos/comboio-bombeiro/,(sem fonte),CONFIRMADO,NAO_ENCONTRADO,PENDENTE,
9505,Pipinico Rosa Caixa Individual,tópi,PRIMEIRA INFÂNCIA,,O Pipinico Rosa é ideal para auxiliar as crianças na fase de transição das fraldas.,,Auxilia na fase de desfralde | Recipiente removível para fácil limpeza | Estrutura resistente | Design confortável e funcional,Crianças a partir de 12 meses em fase de transição e desenvolvimento da autonomia.,"material=Plástico | cor=Rosa | genero=Menina | idade=+ 12 meses | conteudo_caixa=1 Pipinico 
1 Recipiente removivel 
1 conjunto de parafusos | ncm=9503.00.99 | cst=000 | dun=X | produto_mm=378x304x230 | caixa=1un/1.4kg | peso=1.05kg",ESPECIFICA,https://cardosotoys.com.br/topi/produtos/pipinico-rosa-individual/,(sem fonte),CONFIRMADO,NAO_ENCONTRADO,PENDENTE,
9506,Pipinico Azul Caixa Individual,tópi,PRIMEIRA INFÂNCIA,Com tampa! Apoio lateral para maior estabilidade da criança Formato anatômico,O Pipinico Azul é ideal para auxiliar as crianças na fase de transição das fraldas.,,Auxilia na fase de desfralde | Recipiente removível para fácil limpeza | Estrutura resistente | Design confortável e funcional,Crianças a partir de 12 meses em fase de desenvolvimento da autonomia e transição das fraldas.,"material=Plástico | cor=Azul | genero=Menino | idade=+ 12 meses | conteudo_caixa=1 Pipinico 
1 Recipiente removivel 
1 conjunto de parafusos | ncm=9503.00.99 | cst=000 | dun=X | produto_mm=378x304x230 | caixa=1un/1.4kg | peso=1.05kg",ESPECIFICA,https://cardosotoys.com.br/topi/produtos/pipinico-azul-caixa-individual/,(sem fonte),CONFIRMADO,NAO_ENCONTRADO,PENDENTE,"DESCRICAO_EXISTENTE — preservada, nao substituir"
